机械安全作业要求：在符合许可范围内操作；使用合适器械作业；设备作业要有专人指挥。,机械安全作业要求：不在符合许可范围内操作；使用合适器械作业；设备作业要有专人指挥。,7
仓储合同，又称仓储保管合同，是保管人储存存货人交付的仓储物，存货人支付仓储费的合同。,仓储合同是储存存货人交付的仓储物，存货人支付仓储费的合同。,8
诺成合同，是指合同自双方达成合意时成立。,诺成合同是指合同成立。,5
仓储货品的验收问题的主要内容有三项：一是验收项目，二是验收方法，三是验收期限。,仓储货品的验收问题的主要内容有：验收项目，验收方法。,7
验收期限：自物品和验收资料全部送达保管人之日起，至验收报告送出之日止。,自验收资料送达保管人之日起，至验收报告送出之日止。,7
仓储合同的验收包括：验收项目、验收方法、验收期限。,包括：验收项目、验收期限。,7
物品储存的安全性指标，主要用发生的各种事故的大小和次数来表示，主要有人身伤亡、仓库失火、爆炸、被盗、机械损坏事故几类。,物品储存的安全性指标，主要用发生的各种事故的大小和次数来表示，主要有人身伤亡、仓库失火、爆炸、机械损坏事故几类。,9
仓储成本是指仓储企业在储存物品过程中，包括装卸搬运、存储保管、流通加工、收发物品等各个环节，和建造、购置仓库等设施设备所消耗的人力、物力、财力及风险成本的总和。,仓储成本是指仓储企业在储存物品过程中，包括装卸搬运、流通加工、收发物品等各个环节，和建造、购置仓库等设施设备所消耗的人力、物力、财力及风险成本的总和。,9
仓储成本是物流成本的重要组成部分，对物流成本的高低有直接影响。,仓储成本对物流成本的高低有直接影响。,5
货物的仓储成本主要是指货物保管的各种支出，其中一部分为仓储设施和设备的投资，另一部分则为仓储保管作业中的活劳动或者物化劳动的消耗，主要包括工资和能源消耗等。,货物的仓储成本是指货物保管的各种支出。,2
反映仓储作业消耗的指标：材料、燃料和动力消耗指标；平均储存费用,反映仓储作业消耗的指标：材料、燃料和动力消耗指标；,8
反映仓储作业质量的指标：货损货差率；设备完好率；保管损耗率；账务差异率；收发货差错率。,设备完好率；保管损耗率；账务差异率；收发货差错率。,8
反映仓储作业效率的指标：物品吞吐量；平均收发货时间；物品及时验收率；全员劳动生产率；库存物品的周转率；仓库作业效率。,库存物品的周转率；仓库作业效率。,3
反映仓储作业效益的指标：工资利润率；成本利润率；资金利润率；利润总额；收入利润率；每吨物品保管利润。,工资利润率；成本利润率。,3
反映仓储作业设施设备利用程度的指标：仓库货物周转率；单位面积储存量；仓库空间利润率；设备利润率。,反映仓储作业设施设备利用程度的指标：仓库货物周转率；单位面积储存量。,5
仓储成本是衡量仓储企业经营管理水平和管理质量高低的重要标志。,仓储成本是衡量管理质量高低的重要标志。,6
根据成本的性质可将仓储成本分为固定成本和变动成本两部分。,固定成本,4
仓储成本分析与控制包括以下方面： 存储成本分析与控制；装卸搬运作业成本分析与控制；备货作业成本分析与控制；人工费用的分析与控制；包装作业成本分析与控制；机具物料和燃料的成本控制；提高仓储服务质量，降低仓储成本；降低机会成本和风险成本。,仓储成本分析与控制包括以下方面： 存储成本分析与控制；装卸搬运作业成本分析与控制；备货作业成本分析与控制；降低机会成本和风险成本。,5
装卸搬运作业成本分析与控制包括：合理选择装卸搬运机具；提高物品装卸搬运的活性化与可运性；利用重力作用，减少能量消耗；合理选择装卸搬运方式；改进装卸搬运作业方法。,装卸搬运作业成本分析与控制包括：合理选择装卸搬运机具；利用重力作用，减少能量消耗；改进装卸搬运作业方法。,7
备货作业成本分析与控制包括以下内容：合理选择备货作业方式；合理安排仓储空间，降低备货成本；加强货位管理，提高备货作业效率。,合理选择备货作业方式；加强货位管理，提高备货作业效率。,6
合理选择备货作业方式有：全面分拣、批处理分拣、分区分拣、分组分拣。,全面分拣、分组分拣。,5
包装作业成本分析与控制包括以下内容：使用物美价廉的包装材料；包装作业机械化，提高包装效率；采用大包装，尽量使包装简单化，节约包装材料；利用原有包装，加贴新标签。,使用物美价廉的包装材料；尽量使包装简单化，节约包装材料；利用原有包装，加贴新标签。,6
企业资源计划即 ERP (Enterprise Resource Planning)，由美国 Gartner Group 公司于1990年提出。企业资源计划是 MRP II（企业制造资源计划）下一代的制造业系统和资源计划软件。,企业资源计划是 MRP II（企业制造资源计划）下一代的制造业系统和资源计划软件。,5
MRP(Material Resource Planning)：是一种保证既不出现短缺，也不积压库存的计划方法，是ERP系统的核心功能模块。,是一种保证既不出现短缺，也不积压库存的计划方法。,8
MRP包含几个要素：原料、生产、销售、产品结构。 ,原料。,2
运输管理系统，英文缩写“TMS”，是一种“供应链”分组下的（基于网络的）操作软件。它能通过多种方法和其他相关的操作一起提高物流的管理能力；,是一种操作软件。它能通过多种方法和其他相关的操作一起提高物流的管理能力；,8
TMS的功能模块：调度管理、车辆管理、配件管理、油耗管理、费用结算、人员管理、资源管理、财务核算、绩效考核、车辆跟踪、业务跟踪、业务统计、白卡管理、监控中心系统、账单查询等,业务统计、白卡管理、监控中心系统、账单查询等,4
ERP的功能模块：供应链管理、销售与市场、分销、客户服务、财务管理、制造管理、库存管理、工厂与设备维护、人力资源、报表、制造执行系统、工作流服务和企业信息系统等。此外，还包括金融投资管理、质量管理、运输管理、项目管理、法规与标准和过程控制等补充功能。,ERP的功能模块：供应链管理、销售与市场、财务管理、制造管理、库存管理、工厂与设备维护、人力资源、工作流服务和企业信息系统等。,5
入库作业管理包括：收货；组盘和注册；上架,收货；组盘和注册；,6
WCS 是仓库控制系统(Warehouse Control System) 的缩写。WCS是介于WMS系统和PLC系统之间的一层管理控制系统。,是介于WMS系统和PLC系统之间的管理控制系统。,8
出库作业管理包括：波次运算；补货；拣选；复核包装；集货；发货,波次运算；补货；拣选；复核包装；,6
仓储管理系统中基础数据管理包括以下内容：用户数据；部门数据；货位数据；客户主数据；物流主数据；订单类数据；其他数据,用户数据；部门数据；货位数据；客户主数据；订单类数据；,7
条码：是由一组规则排列的条、空及其对应代码组成，是表示商品特定信息的标识。 ,条码：是由条、空及其对应代码组成，表示商品特定信息。,6
条形码的识读原理：根据不同颜色的物体，其反射的可见光的波长不同，光电转换器接收到不同强弱的反射光信号，并转换成相应的电信号并进行放大后输出。,光电转换器接收到不同强弱的反射光信号，并转换成相应的电信号并进行放大后输出。,7
条码的类别 ：商品条码、物流条码、二维条码。,条码的类别 ：商品条码、物流条码,7
无线射频识别（RFID）是通过一种无线电讯号和微芯片标签识别特定目标并读写相关数据的通讯技术。,RFID是通过一种无线电讯号标签识别特定目标的通讯技术。,7
RFID的特点：非接触识别，它能穿透雪、雾、冰、涂料、尘垢、高速运动的物体和条形码无法使用的恶劣环境阅读标签，并且阅读速度极快；保密性强。,RFID的特点：非接触识别，它能穿透雪、雾、冰、涂料、尘垢、高速运动的物体和条形码无法使用的恶劣环境阅读标签，并且阅读速度极快；,8
RFID的组成：标签、阅读器和天线。,RFID的组成：标签、阅读器,7
子标签拣选系统（DPS），是以一连串装于货架格位上的电子显示装置(电子标签)取代拣货单，指示应拣取的物品及数量，辅助捡货人员的作业，减少目视寻找的时间。,装于货架格位上的电子显示装置取代拣货单，指示应拣取的物品及数量，辅助捡货人员的作业，减少目视寻找的时间。,9
DBMS是一种操作和管理数据库的大型软件，可用于建立、使用和维护数据库。物流系统中的库存、货位、入出库记录等重要数据都是通过DBMS管理的。,DBMS是一种操作和管理数据库的大型软件。物流系统中的数据都是通过DBMS管理的。,6
配送：是指在经济合理区域范围内，根据用户的要求，对物品进行拣选、加工、包装、分割、组配等作业，并按时送达指定地点的物流活动,对物品进行拣选、加工、包装、分割、组配等作业，并按时送达指定地点的物流活动,7
配送要素：集货、储存、分拣和拣选、配货、配装、配送运输、送达服务。,集货、储存、配装、配送运输。,5
集货是指将分散的或小批量的物品集中起来，以便进行运输、配送的作业 。,将分散的或小批量的物品集中起来，以便进行运输的作业 。,8
配送中的储存有储备及暂存两种形态。 配送储备储备数量较大，储存更加有计划性。暂存，是具体执行日配送时，按分拣配货要求，在理货场地所做的少量储存准备 。,有储备及暂存两种形态。 配送储备储备数量较大，储存更加有计划性。暂存按分拣配货要求，在理货场地所做的少量储存准备 。,8
分拣是将物品按品种、出入库先后顺序进行分门别类堆放的作业。,将物品按品种堆放的作业。,5
拣选是按订单或出库单的要求，从储存场所选出物品，并放置指定地点的作业,按订单要求，放置指定地点,3
配货是使用各种拣选设备和传输装置，将存放的物品，按客户要求分拣出来，配备齐全，送入指定发货地点。,按客户要求送入指定发货地点。,2
在单个客户配送数量不能达到车辆的有效运载负荷时，就存在如何集中不同客户的配送货物，进行搭配装载以充分利用运能、运力的问题，这就需要配装。,在单个客户配送数量不能达到车辆的有效运载负荷时。,4
配送运输是较短距离、较小规模、额度较高的运输形式，一般使用汽车做运输工具。,配送运输是较短距离、额度较高的运输形式。,6
如何组合成最佳路线，如何使配装和路线有效搭配等，是配送运输的特点，也是难度较大的工作。,如何组合成最佳路线，如何使配装和路线有效搭配等，是配送运输的特点,9
配送作业活动是以客户发出的订货信息（即订单）作为配送作业的驱动源的。,以客户发出的订货信息,6
顾客订单是配送服务的第一个环节，也是配送服务质量得以保证的基础。,配送服务质量得以保证的基础,4
订单是配送中心开展配送业务的依据，配送中心接到客户订单以后需要对订单加以处理，据以安排分拣、补货、配货、送货等作业环节。,接到客户订单以后需要对订单加以处理。,2
拣货作业：依据顾客的订货要求或配送中心的送货计划，迅速、准确地将商品向从其储位或其他区域拣取出来，并按一定的方式进行分类、集中，等待配装送货的作业过程。,配装送货的作业过程。,1
配送中心：为了顺利、有序、方便地向客户发送商品，对组织来的各种货物进行整理，并依据订单要求进行组合的过程。,对组织来的各种货物进行整理，并依据订单要求进行组合的过程。,7
配货：使用各种拣选设备和传输装置，将存放的货物，按客户的要求分拣出来，配备齐全，送入指定发货区。,将存放的货物，按客户的要求分拣出来，配备齐全，送入指定发货区。,8
配装：在单个客户配送数量不能达到车辆的有效运载负荷时，就存在如何集中不同客户的配送货物，进行搭配装载以充分利用运能、运力的问题。,如何集中不同客户的配送货物，进行搭配装载以充分利用运能、运力的问题。,5
送货作业：包含将货物装车并实际配送。需要事先规划配送区域的划分或配送线路的安排，由配送路线选用的先后次序来决定商品装车顺序，并在商品配送途中进行商品跟踪、控制。,由配送路线选用的先后次序来决定商品装车顺序。,2
流通加工：物品在从生产领域向消费领域流动的过程中，流通主体（即流通当事人）为了完善流通服务功能，促进销售、维护产品质量和提高物流效率而开展的一项活动。,促进销售、维护产品质量和提高物流效率而开展的一项活动。,4
进货：配送中心根据客户的需要，为配送业务的顺利实施，而从事的组织商品货源和进行商品存储的一系列活动。进货是配送的准备工作或基础工作，它是配送的基础环节，又是决定配送成败与否、规模大小的最基础环节。同时，也是决定配送效益高低的关键环节。,组织商品货源和进行商品存储的一系列活动。进货是配送的准备工作或基础工作，它是配送的基础环节，又是决定配送成败与否、规模大小的最基础环节。,6
配送作业流程：顾客下单；订单处理；拣货；配货；配装；配送；流通加工；进货；,顾客下单；配货；配装；配送；,5
配送模式：自营配送模式；共同配送模式；第三方配送。,共同配送模式；第三方配送。,6
常见的组织结构形式：直线制；职能制；直线职能制；矩阵制。,直线制；矩阵制。,5
直线制的优缺点：优点——结构简单、权力集中、责任分明、命令统一、联系简捷；缺点——管理职能集中由一人承担，容易发生较大失误；部门间协调差 。,优点——权力集中；缺点——部门间协调差 。,2
直线职能制的优缺点：优点——命令统一，职责明确，专业化管理程度较高，组织稳定。它既保证了管理体系的集中统一，又可以在各级行政负责人的领导下，充分发挥各专业管理机构的作用；缺点——职能部门之间缺乏交流、协作和配合，职能部门与行政负责人之间容易产生摩擦，组织系统的灵敏度较低，下级的许多工作要直接向上层领导报告请示才能处理，常常造成企业运作效率低下。,优点——命令统一，职责明确，专业化管理程度较高，组织稳定。缺点——组织系统的灵敏度较低，下级的许多工作要直接向上层领导报告请示才能处理，常常造成企业运作效率低下。,4
矩阵制优点：打破单向领导，加强了管理部门间的联系和配合，有利于信息沟通和共同决策，提高工作的效率；把不同的专业人员组织在一起，有利于激发人们的积极性和创造性，提高技术水平和管理水平；把完成任务所需的各种专业知识和经验集中在一起，提高了管理组织的机动性和灵活性。,打破单向领导，提高了管理组织的机动性和灵活性。,3
矩阵制缺点：组织成员不是固定的，易产生临时的观念，对工作有一定的影响；双重领导，难免发生矛盾，也不易分清责任。,组织成员不是固定的，易产生临时的观念；不易分清责任。,4
订单处理是指：从接到客户订单开始到着手准备拣货之间的作业阶段。通常包括订单确认、存货查询、单据处理等内容。,从接到客户订单开始到着手准备拣货之间的作业阶段。,6
订单处理作业所面临的问题：在零售商的订单处理方面——如何简化订货作业；如何提高订货资料；正确性如何快速下单。在配送中心的订单处理方面——如何简化接单作业；如何处理量多繁杂的订货资料；如何掌握订单进度。,如何简化订货作业；如何提高订货资料；正确性如何快速下单。如何简化接单作业；如何处理量多繁杂的订货资料；如何掌握订单进度。,8
订单处理的方式：人工处理；计算机处理。,计算机处理。,5
订单处理的主要内容：订单内容确认；订单接收；订单资料输出 ；存货查询及依订单分配存货 。,存货查询及依订单分配存货 。,3
订单类型：一般交易订单；兑换券交易订单；现销式交易订单；间接交易订单；合约式交易订单；寄库式交易订单。,一般交易订单；兑换券交易订单；合约式交易订单；寄库式交易订单。,7
订单处理的基本原则：要使客户产生信赖感；尽量缩短订货周期；提供紧急订货 ；减少缺货现象；不忽略小客户；装配力求完整；提供对客户有利的包装；要随时提供订单处理的情况。,使客户产生信赖感；尽量缩短订货周期；提供紧急订货 ；减少缺货现象；忽略小客户；装配力求完整；提供对客户有利的包装。,7
订单处理的基本流程：订单准备；订单传输；订单录入；订单履行；订单跟踪。,订单准备；订单传输。,4
分拣作业就是将用户所订的货物从储存保管处取出，按用户分类、集中、处理、放置。,分拣作业就是将用户所订的货物从储存保管处取出，集中、处理、放置。,7
拣货依据：依据拣货信息，拣货信息包括多种形式，最常见的就是拣货单。,依据拣货信息，常见的有拣货单。,6
拣货目的：正确且迅速地集合客户所订购的货品。,迅速地集合货品。,5
分拣是使配送不同于一般形式的送货以及其他物流形式的重要支持性工作，是配送中心作业系统的核心。,使配送不同于一般形式的送货以及其他物流形式的重要支持性工作。,8
拣货作业过程，由生成拣货资料、行走或搬运、拣取和分类与集中几个环节组成。,生成拣货资料、行走、拣取和分类。,7
分拣作业目的在于正确且迅速地集合顾客所订购的商品。,正确且迅速地集合商品。,5
拣货单位是指拣货作业中拣取货物的包装单位。订货单位合理化主要是避免过小单位出现在订单中，减少作业量与误差，如订货的最小单位是箱，则不要以单品为拣货单位。  ,拣货单位是指拣货作业中拣取货物的包装单位。订货单位合理化主要是避免过小单位出现在订单中，减少作业量。,7
按订单拣取是指分别按每份订单拣货，即分拣完一个订单后，再分拣下一个订单。,按订单拣货，分拣完一个订单后，再分拣下一个订单。,9
配送作业中拣货包装单位通常有以下四种：单件、托盘、箱、特殊物品。,单件、托盘、特殊物品。,7
按订单拣取作业原理是：分拣人员或分拣工具巡回于各个储存点，按订单所列商品及数量，将客户所订购的商品逐一由仓库储位或其它作业区中取出，然后集中在一起的一种传统拣货方式，又称作“摘果式”、“人到货前式”、“订单别拣选” 或“单一顺序拣选”等。  ,分拣人员或分拣工具巡回于各个储存点，按订单所列商品及数量，将客户所订购的商品逐一由仓库储位或其它作业区中取出，然后集中在一起的一种传统拣货方式。,9
按单分拣作业方法特点：易于实施，配货准确度高，不易出错；各客户分拣相互没有约束；分拣完一个货单，货物便配齐，货物不再落地暂存，可直接装车配送；客户数量不受限制，可在很大范围内波动；对机械化、自动化没有严格要求，不受设备水平限制。,按单分拣作业方法特点：易于实施，配货准确度高，易出错；各客户分拣相互没有约束；分拣完一个货单，货物便配齐，货物落地暂存，可直接装车配送；客户数量不受限制，可在很大范围内波动；对机械化、自动化有严格要求，受设备水平限制。,4
按单拣选产生的问题：商品品种多时，拣货行走路线过长，拣取效率低；    拣取区域大时，搬运系统设计困难；少量、多批次拣取时，会造 成拣货路径重复费高，效率降低。,商品品种多时，拣货行走路线过长，拣取效率低；拣货路径重复费高，效率降低。,5
批量拣取是把多张订单集合成一批次，按商品品种类别将数量加总后再进行分拣，分拣完后再按客户订单进行分类处理的拣货作业方式，又称“播种式”。,批量拣取是按商品品种类别将数量加总后再进行分拣，分拣完后再按客户订单进行分类处理的拣货作业方式。,8
复合分拣是按单分拣与批量分拣的组合运用，按订单品项、数量和出库频率决定哪些订单适合按单分拣，哪些订单适合批量分拣。,复合分拣是按单分拣与批量分拣的组合运用，按订单数量和出库频率决定哪些订单适合按单分拣，哪些订单适合批量分拣。,8
整合按单分拣方式，主要应用在每个订单只有一种品项的场合，为了提高输配送的效率，将某一地区的订单整合成一张拣货单，做一次分拣后，集中捆包出库。它属于按单分拣的一种变形方式,整合按单分拣方式，主要应用在每个订单只有一种品项的场合，将某一地区的订单整合成一张拣货单，做一次分拣后，集中捆包出库。,8
按单分拣的优点：作业方法简单；订单处理前置时间短；导入容易且作业弹性大；作业员责任明确，作业容易组织；拣货后不必再进行分类作业。,作业方法简单；订单处理前置时间短；导入容易且作业弹性大；拣货后不必再进行分类作业。,8
批量分拣的优点：合计后拣货、效率较高；盘亏较少。,合计后拣货、效率较高；盘亏较多。,6
人至货前拣选方式是指人(或人乘拣选车)到储存区寻找并取出所需要的货物。,人寻找并取出所需要的货物。,6
人至货前拣选方式的特点：货物处于静态储存方式，要求货物必须是小型，且出货量较少。,货物处于静态储存方式，要求货物必须是小型，且出货量较多。,7
货至人前拣选方式是指将货物移动到人或拣选机旁，由人或拣选机拣选出所需的货物。,将货物移动到人旁，由人拣选出所需的货物。,5
分拣的动作由自动的机械负责，电子信息输入后自动完成分拣作业，无须人手介入。大致可分为合流、分拣识别、分拣分流和分运四个分段。,分拣的动作由自动的机械负责，须人手介入。大致可分为合流、分拣识别、分拣分流和分运四个分段。,6
电子标签拣货系统（DPS）：一种计算机辅助的无纸化的拣货系统，采用计算机传输拣选指令到操作者面前的显示屏上，导引操作者完成规定的作业。,一种无纸化的拣货系统，采用计算机传输拣选指令到显示屏上，导引操作者完成规定的作业。,7
电子标签拣货系统的原理：在每一个货位安装数字显示器，利用计算机的控制将订单信息传输到数字显示器内，拣货人员根据数字显示器所显示的数字拣货，拣完货之后按确认钮即完成拣货工作，也叫做电子标签拣货。,在每一个货位安装数字显示器，将订单信息传输到数字显示器内，拣货人员根据数字显示器所显示的数字拣货，拣完货之后按确认钮即完成拣货工作。,8
电子标签功能：品种、库位指示； 出库数量显示；操作完成信息确认,出库数量显示和操作完成信息确认,6
电子标签根据其功能可以分为传统电子标签和智慧型电子标签。,智慧型电子标签。,5
分拣策略是影响分拣作业效率的重要因素，对不同的订单需求应采取不同的分拣策略。,分拣策略是影响分拣作业效率的重要因素，对不同的订单需求应采取相同的分拣策略。,5
机械安全作业要求包括：在符合许可范围内操作；使用合适器械作业；设备作业要有专人指挥。,机械安全作业要求：在符合许可范围内操作；使用合适器械作业；设备作业要有专人指挥。,10
保管人储存存货人交付的仓储物，存货人支付仓储费的合同称为仓储合同,仓储合同，又称仓储保管合同，是保管人储存存货人交付的仓储物，存货人支付仓储费的合同。,10
合同自双方达成合意时成立的合同称为诺成合同,诺成合同，是指合同自双方达成合意时成立。,10
仓储货品的验收问题的主要内容包括：验收项目，验收方法，验收期限。,仓储货品的验收问题的主要内容有三项：一是验收项目，二是验收方法，三是验收期限。,10
验收期限是指自从物品和验收资料全部送达保管人之日起，至验收报告送出之日止的时间。,验收期限：自物品和验收资料全部送达保管人之日起，至验收报告送出之日止。,10
仓储合同的验收有三点：一是验收项目、二是验收方法、三是验收期限。,仓储合同的验收包括：验收项目、验收方法、验收期限。,10
用发生的各种事故的大小和次数来表示物品储存的安全性指标，主要有人身伤亡、仓库失火、爆炸、被盗、机械损坏事故几类。,物品储存的安全性指标，主要用发生的各种事故的大小和次数来表示，主要有人身伤亡、仓库失火、爆炸、被盗、机械损坏事故几类。,10
仓储企业在储存物品过程中，包含装卸搬运、存储保管、流通加工、收发物品等各个环节，和建造、购置仓库等设施设备所消耗的人力、物力、财力及风险成本的总和是指仓储成本。,仓储成本是指仓储企业在储存物品过程中，包括装卸搬运、存储保管、流通加工、收发物品等各个环节，和建造、购置仓库等设施设备所消耗的人力、物力、财力及风险成本的总和。,10
物流成本的重要组成部分也叫仓储成本，它直接影响物流成本的高低。,仓储成本是物流成本的重要组成部分，对物流成本的高低有直接影响。,10
仓储成本主要指货物保管的各种支出，其中一部分为仓储设施和设备的投资，另一部分则为仓储保管作业中的活劳动或者物化劳动的消耗，消耗主要包括工资和能源消耗等。,货物的仓储成本主要是指货物保管的各种支出，其中一部分为仓储设施和设备的投资，另一部分则为仓储保管作业中的活劳动或者物化劳动的消耗，主要包括工资和能源消耗等。,10
材料、燃料和动力消耗指标；平均储存费用反映仓储作业消耗的指标,反映仓储作业消耗的指标：材料、燃料和动力消耗指标；平均储存费用,10
仓储作业质量的指标包含：货损货差率；设备完好率；保管损耗率；账务差异率；收发货差错率。,反映仓储作业质量的指标：货损货差率；设备完好率；保管损耗率；账务差异率；收发货差错率。,10
物品吞吐量；平均收发货时间；物品及时验收率；全员劳动生产率；库存物品的周转率；仓库作业效率。反映仓储作业效率的指标,反映仓储作业效率的指标：物品吞吐量；平均收发货时间；物品及时验收率；全员劳动生产率；库存物品的周转率；仓库作业效率。,10
仓储作业效益的指标包含：工资利润率；成本利润率；资金利润率；利润总额；收入利润率；每吨物品保管利润。,反映仓储作业效益的指标：工资利润率；成本利润率；资金利润率；利润总额；收入利润率；每吨物品保管利润。,10
仓储作业设施设备利用程度的指标包含：仓库货物周转率；单位面积储存量；仓库空间利润率；设备利润率。,反映仓储作业设施设备利用程度的指标：仓库货物周转率；单位面积储存量；仓库空间利润率；设备利润率。,10
衡量仓储企业经营管理水平和管理质量高低的重要标志是仓储成本。,仓储成本是衡量仓储企业经营管理水平和管理质量高低的重要标志。,10
成本的性质包括固定成本和变动成本两部分。,根据成本的性质可将仓储成本分为固定成本和变动成本两部分。,10
仓储成本分析与控制包括： 存储成本分析与控制；装卸搬运作业成本分析与控制；备货作业成本分析与控制；人工费用的分析与控制；包装作业成本分析与控制；机具物料和燃料的成本控制；提高仓储服务质量，降低仓储成本；降低机会成本和风险成本。,仓储成本分析与控制包括以下方面： 存储成本分析与控制；装卸搬运作业成本分析与控制；备货作业成本分析与控制；人工费用的分析与控制；包装作业成本分析与控制；机具物料和燃料的成本控制；提高仓储服务质量，降低仓储成本；降低机会成本和风险成本。,10
装卸搬运作业成本分析与控制包含以下方面：合理选择装卸搬运机具；提高物品装卸搬运的活性化与可运性；利用重力作用，减少能量消耗；合理选择装卸搬运方式；改进装卸搬运作业方法。,装卸搬运作业成本分析与控制包括：合理选择装卸搬运机具；提高物品装卸搬运的活性化与可运性；利用重力作用，减少能量消耗；合理选择装卸搬运方式；改进装卸搬运作业方法。,10
备货作业成本分析与控制包括：合理选择备货作业方式；合理安排仓储空间，降低备货成本；加强货位管理，提高备货作业效率。,备货作业成本分析与控制包括以下内容：合理选择备货作业方式；合理安排仓储空间，降低备货成本；加强货位管理，提高备货作业效率。,10
合理选择备货作业方式包括：全面分拣、批处理分拣、分区分拣、分组分拣。,合理选择备货作业方式有：全面分拣、批处理分拣、分区分拣、分组分拣。,10
使用物美价廉的包装材料；包装作业机械化，提高包装效率；采用大包装，尽量使包装简单化，节约包装材料；利用原有包装，加贴新标签。组成了包装作业成本分析与控制的主要内容。,包装作业成本分析与控制包括以下内容：使用物美价廉的包装材料；包装作业机械化，提高包装效率；采用大包装，尽量使包装简单化，节约包装材料；利用原有包装，加贴新标签。,10
企业资源计划，由 Gartner Group 公司于1990年提出。企业资源计划是 MRP II下一代的制造业系统和资源计划软件。,企业资源计划即 ERP (Enterprise Resource Planning)，由美国 Gartner Group 公司于1990年提出。企业资源计划是 MRP II（企业制造资源计划）下一代的制造业系统和资源计划软件。,10
MRP是一种保证既不出现短缺，也不积压库存的计划方法，是ERP系统的核心功能模块。,MRP(Material Resource Planning)：是一种保证既不出现短缺，也不积压库存的计划方法，是ERP系统的核心功能模块。,10
MRP包含：原料、生产、销售、产品结构。 ,MRP包含几个要素：原料、生产、销售、产品结构。 ,10
运输管理系统是一种“供应链”分组下的操作软件。它能通过多种方法和其他相关的操作一起提高物流的管理能力；,运输管理系统，英文缩写“TMS”，是一种“供应链”分组下的（基于网络的）操作软件。它能通过多种方法和其他相关的操作一起提高物流的管理能力；,10
TMS的功能模块包括：调度管理、车辆管理、配件管理、油耗管理、费用结算、人员管理、资源管理、财务核算、绩效考核、车辆跟踪、业务跟踪、业务统计、白卡管理、监控中心系统、账单查询等,TMS的功能模块：调度管理、车辆管理、配件管理、油耗管理、费用结算、人员管理、资源管理、财务核算、绩效考核、车辆跟踪、业务跟踪、业务统计、白卡管理、监控中心系统、账单查询等,10
ERP的功能模块包含：供应链管理、销售与市场、分销、客户服务、财务管理、制造管理、库存管理、工厂与设备维护、人力资源、报表、制造执行系统、工作流服务和企业信息系统等。此外，还包括金融投资管理、质量管理、运输管理、项目管理、法规与标准和过程控制等补充功能。,ERP的功能模块：供应链管理、销售与市场、分销、客户服务、财务管理、制造管理、库存管理、工厂与设备维护、人力资源、报表、制造执行系统、工作流服务和企业信息系统等。此外，还包括金融投资管理、质量管理、运输管理、项目管理、法规与标准和过程控制等补充功能。,10
入库作业管理有：收货；组盘和注册；上架,入库作业管理包括：收货；组盘和注册；上架,10
WCS 即仓库控制系统，是介于WMS系统和PLC系统之间的一层管理控制系统。,WCS 是仓库控制系统(Warehouse Control System) 的缩写。WCS是介于WMS系统和PLC系统之间的一层管理控制系统。,10
出库作业管理：波次运算；补货；拣选；复核包装；集货；发货,出库作业管理包括：波次运算；补货；拣选；复核包装；集货；发货,10
仓储管理系统中基础数据管理包括：用户数据；部门数据；货位数据；客户主数据；物流主数据；订单类数据；其他数据,仓储管理系统中基础数据管理包括以下内容：用户数据；部门数据；货位数据；客户主数据；物流主数据；订单类数据；其他数据,10
条码由一组规则排列的条、空及其对应代码组成，表示商品特定信息的标识。,条码：是由一组规则排列的条、空及其对应代码组成，是表示商品特定信息的标识。 ,10
条形码的识读原理是根据不同颜色的物体的反射的可见光的波长不同，光电转换器接收到不同强弱的反射光信号，并转换成相应的电信号并进行放大后输出。,条形码的识读原理：根据不同颜色的物体，其反射的可见光的波长不同，光电转换器接收到不同强弱的反射光信号，并转换成相应的电信号并进行放大后输出。,10
条码的类别包括 ：商品条码、物流条码和二维条码。,条码的类别 ：商品条码、物流条码、二维条码。,10
无线射频识别：通过一种无线电讯号和微芯片标签识别特定目标并读写相关数据的通讯技术。,无线射频识别（RFID）是通过一种无线电讯号和微芯片标签识别特定目标并读写相关数据的通讯技术。,10
RFID的特点包括：保密性强；非接触识别，能穿透雪、雾、涂料、高速运动的物体和条形码无法使用的恶劣环境阅读标签，并且阅读速度极快；。,RFID的特点：非接触识别，它能穿透雪、雾、冰、涂料、尘垢、高速运动的物体和条形码无法使用的恶劣环境阅读标签，并且阅读速度极快；保密性强。,10
RFID由标签、阅读器和天线组成。,RFID的组成：标签、阅读器和天线。,10
子标签拣选系统：以一连串装于货架格位上的电子显示装置取代拣货单，指示应拣取的物品及数量，辅助捡货人员的作业，减少目视寻找的时间。,子标签拣选系统（DPS），是以一连串装于货架格位上的电子显示装置(电子标签)取代拣货单，指示应拣取的物品及数量，辅助捡货人员的作业，减少目视寻找的时间。,10
DBMS是一种操作和管理数据库的大型软件，功能是建立、使用和维护数据库。DBMS管理着物流系统中的库存、货位、入出库记录等重要数据。,DBMS是一种操作和管理数据库的大型软件，可用于建立、使用和维护数据库。物流系统中的库存、货位、入出库记录等重要数据都是通过DBMS管理的。,10
在经济合理区域范围内，根据用户的要求，对物品进行拣选、加工、包装、分割、组配等作业，并按时送达指定地点的物流活动是配送,配送：是指“在经济合理区域范围内，根据用户的要求，对物品进行拣选、加工、包装、分割、组配等作业，并按时送达指定地点的物流活动,10
配送要素包括：集货、储存、分拣和拣选、配货、配装、配送运输、送达服务。,配送要素：集货、储存、分拣和拣选、配货、配装、配送运输、送达服务。,10
将分散的或小批量的物品集中起来，以便进行运输、配送的作业就是集货 。,集货是指将分散的或小批量的物品集中起来，以便进行运输、配送的作业 。,10
配送中的储存形态有储备及暂存。 储备数量较大，更加有计划性。暂存是具体执行日配送时，按分拣配货要求，在理货场地所做的少量储存准备 。,配送中的储存有储备及暂存两种形态。 配送储备储备数量较大，储存更加有计划性。暂存，是具体执行日配送时，按分拣配货要求，在理货场地所做的少量储存准备 。,10
将物品按品种、出入库先后顺序进行分门别类堆放的作业就是分拣。,分拣是将物品按品种、出入库先后顺序进行分门别类堆放的作业。,10
按订单或出库单的要求，从储存场所选出物品，并放置指定地点的作业就是拣选,拣选是按订单或出库单的要求，从储存场所选出物品，并放置指定地点的作业,10
使用各种拣选设备和传输装置，将存放的物品，按客户要求分拣出来，配备齐全，送入指定发货地点的过程就是配货。,配货是使用各种拣选设备和传输装置，将存放的物品，按客户要求分拣出来，配备齐全，送入指定发货地点。,10
配装用来解决在单个客户配送数量不能达到车辆的有效运载负荷时，如何集中不同客户的配送货物，进行搭配装载以充分利用运能、运力的问题。,在单个客户配送数量不能达到车辆的有效运载负荷时，就存在如何集中不同客户的配送货物，进行搭配装载以充分利用运能、运力的问题，这就需要配装。,10
配送运输一般使用汽车做运输工具，是一种较短距离、较小规模、额度较高的运输形式。,配送运输是较短距离、较小规模、额度较高的运输形式，一般使用汽车做运输工具。,10
配送运输的特点：组合最佳路线，使配装和路线有效搭配，工作难度较大。,如何组合成最佳路线，如何使配装和路线有效搭配等，是配送运输的特点，也是难度较大的工作。,10
配送作业活动以客户发出的订货信息作为配送作业的驱动源。,配送作业活动是以客户发出的订货信息（即订单）作为配送作业的驱动源的。,10
顾客订单是配送服务质量得以保证的基础，是配送服务的第一个环节。,顾客订单是配送服务的第一个环节，也是配送服务质量得以保证的基础。,10
订单：是配送中心开展配送业务的依据。配送中心接到客户订单以后需要对订单加以处理，据以安排分拣、补货、配货、送货等作业环节。,订单是配送中心开展配送业务的依据，配送中心接到客户订单以后需要对订单加以处理，据以安排分拣、补货、配货、送货等作业环节。,10
依据顾客的订货要求或配送中心的送货计划，迅速、准确地将商品向从其储位或其他区域拣取出来，并按一定的方式进行分类、集中，等待配装送货的作业过程就是拣货作业。,拣货作业：依据顾客的订货要求或配送中心的送货计划，迅速、准确地将商品向从其储位或其他区域拣取出来，并按一定的方式进行分类、集中，等待配装送货的作业过程。,10
为了顺利、有序、方便地向客户发送商品，对组织来的各种货物进行整理，并依据订单要求进行组合的部门就是配送中心。,配送中心：为了顺利、有序、方便地向客户发送商品，对组织来的各种货物进行整理，并依据订单要求进行组合的过程。,10
配货是指使用各种拣选设备和传输装置，将存放的货物，按客户的要求分拣出来，配备齐全，送入指定发货区。,配货：使用各种拣选设备和传输装置，将存放的货物，按客户的要求分拣出来，配备齐全，送入指定发货区。,10
配装是指进行搭配装载以充分利用运能、运力。在单个客户配送数量不能达到车辆的有效运载负荷时，就存在如何集中不同客户的配送货物的问题。,配装：在单个客户配送数量不能达到车辆的有效运载负荷时，就存在如何集中不同客户的配送货物，进行搭配装载以充分利用运能、运力的问题。,10
送货作业：需要事先规划配送区域的划分或配送线路的安排，由配送路线选用的先后次序来决定商品装车顺序，并在商品配送途中进行商品跟踪、控制。包含将货物装车并实际配送。,送货作业：包含将货物装车并实际配送。需要事先规划配送区域的划分或配送线路的安排，由配送路线选用的先后次序来决定商品装车顺序，并在商品配送途中进行商品跟踪、控制。,10
流通加工是指物品在从生产领域向消费领域流动的过程中，流通主体为了完善流通服务功能，促进销售、维护产品质量和提高物流效率而开展的一项活动。,流通加工：物品在从生产领域向消费领域流动的过程中，流通主体（即流通当事人）为了完善流通服务功能，促进销售、维护产品质量和提高物流效率而开展的一项活动。,10
进货是配送的准备工作或基础工作，它是配送的基础环节，又是决定配送成败与否、规模大小的最基础环节，也是决定配送效益高低的关键环节。具体是指配送中心根据客户的需要，为配送业务的顺利实施，而从事的组织商品货源和进行商品存储的一系列活动。,进货：配送中心根据客户的需要，为配送业务的顺利实施，而从事的组织商品货源和进行商品存储的一系列活动。进货是配送的准备工作或基础工作，它是配送的基础环节，又是决定配送成败与否、规模大小的最基础环节。同时，也是决定配送效益高低的关键环节。,10
顾客下单、订单处理、拣货、配货、配装、配送、流通加工和进货构成了配送作业的流程,配送作业流程：顾客下单；订单处理；拣货；配货；配装；配送；流通加工；进货；,10
配送模式有自营配送模式、共同配送模式和第三方配送三种。,配送模式：自营配送模式；共同配送模式；第三方配送。,10
直线制；职能制；直线职能制；矩阵制等构成了常见的组织结构形式。,常见的组织结构形式：直线制；职能制；直线职能制；矩阵制。,10
直线制的优点：结构简单、权力集中、责任分明、命令统一、联系简捷；直线制的缺点：管理职能集中由一人承担，容易发生较大失误；部门间协调差 。,直线制的优缺点：优点——结构简单、权力集中、责任分明、命令统一、联系简捷；缺点——管理职能集中由一人承担，容易发生较大失误；部门间协调差 。,10
直线职能制的优点：命令统一，职责明确，专业化管理程度较高，组织稳定。它既保证了管理体系的集中统一，又可以在各级行政负责人的领导下，充分发挥各专业管理机构的作用；直线职能制的缺点：职能部门之间缺乏交流、协作和配合，职能部门与行政负责人之间容易产生摩擦，组织系统的灵敏度较低，下级的许多工作要直接向上层领导报告请示才能处理，常常造成企业运作效率低下。,直线职能制的优缺点：优点——命令统一，职责明确，专业化管理程度较高，组织稳定。它既保证了管理体系的集中统一，又可以在各级行政负责人的领导下，充分发挥各专业管理机构的作用；缺点——职能部门之间缺乏交流、协作和配合，职能部门与行政负责人之间容易产生摩擦，组织系统的灵敏度较低，下级的许多工作要直接向上层领导报告请示才能处理，常常造成企业运作效率低下。,10
矩阵制优点包含：打破单向领导，加强了管理部门间的联系和配合，有利于信息沟通和共同决策，提高工作的效率；把不同的专业人员组织在一起，有利于激发人们的积极性和创造性，提高技术水平和管理水平；把完成任务所需的各种专业知识和经验集中在一起，提高了管理组织的机动性和灵活性。,矩阵制优点：打破单向领导，加强了管理部门间的联系和配合，有利于信息沟通和共同决策，提高工作的效率；把不同的专业人员组织在一起，有利于激发人们的积极性和创造性，提高技术水平和管理水平；把完成任务所需的各种专业知识和经验集中在一起，提高了管理组织的机动性和灵活性。,10
矩阵制缺点包括：组织成员不是固定的，易产生临时的观念，对工作有一定的影响；双重领导，难免发生矛盾，也不易分清责任。,矩阵制缺点：组织成员不是固定的，易产生临时的观念，对工作有一定的影响；双重领导，难免发生矛盾，也不易分清责任。,10
订单处理通常包括订单确认、存货查询、单据处理等内容。是指从接到客户订单开始到着手准备拣货之间的作业阶段。,订单处理是指：从接到客户订单开始到着手准备拣货之间的作业阶段。通常包括订单确认、存货查询、单据处理等内容。,10
订单处理作业所面临的问题包括：如何简化在零售商的订单处理方面的订货作业；如何提高订货资料；正确性如何快速下单。如何简化在配送中心的订单处理方面的接单作业；如何处理量多繁杂的订货资料；如何掌握订单进度。,订单处理作业所面临的问题：在零售商的订单处理方面——如何简化订货作业；如何提高订货资料；正确性如何快速下单。在配送中心的订单处理方面——如何简化接单作业；如何处理量多繁杂的订货资料；如何掌握订单进度。,10
订单处理的方式包括人工处理和计算机处理。,订单处理的方式：人工处理；计算机处理。,10
订单内容确认、订单接收、订单资料输出 、存货查询及依订单分配存货等组成了订单处理的主要内容 。,订单处理的主要内容：订单内容确认；订单接收；订单资料输出 ；存货查询及依订单分配存货 。,10
订单类型包含：一般交易订单；兑换券交易订单；现销式交易订单；间接交易订单；合约式交易订单；寄库式交易订单。,订单类型：一般交易订单；兑换券交易订单；现销式交易订单；间接交易订单；合约式交易订单；寄库式交易订单。,10
订单处理的基本原则包括：使客户产生信赖感；尽量缩短订货周期；提供紧急订货 ；减少缺货现象；不忽略小客户；装配力求完整；提供对客户有利的包装；要随时提供订单处理的情况。,订单处理的基本原则：要使客户产生信赖感；尽量缩短订货周期；提供紧急订货 ；减少缺货现象；不忽略小客户；装配力求完整；提供对客户有利的包装；要随时提供订单处理的情况。,10
订单准备；订单传输；订单录入；订单履行；订单跟踪构成了订单处理的基本流程。,订单处理的基本流程：订单准备；订单传输；订单录入；订单履行；订单跟踪。,10
分拣作业：将用户所订的货物从储存保管处取出，按用户分类、集中、处理、放置。,分拣作业就是将用户所订的货物从储存保管处取出，按用户分类、集中、处理、放置。,10
依据拣货信息，拣货信息包括多种形式，最常见的就是拣货单是拣货的依据。,拣货依据：依据拣货信息，拣货信息包括多种形式，最常见的就是拣货单。,10
正确且迅速地集合客户所订购的货品是拣货的目的。,拣货目的：正确且迅速地集合客户所订购的货品。,10
使配送不同于一般形式的送货以及其他物流形式的重要支持性工作是分拣，分拣是配送中心作业系统的核心。,分拣是使配送不同于一般形式的送货以及其他物流形式的重要支持性工作，是配送中心作业系统的核心。,10
拣货作业流程：生成拣货资料、行走或搬运、拣取和分类与集中。,拣货作业过程，由生成拣货资料、行走或搬运、拣取和分类与集中几个环节组成。,10
正确且迅速地集合顾客所订购的商品是分拣作业目的。,分拣作业目的在于正确且迅速地集合顾客所订购的商品。,10
拣货单位：拣货作业中拣取货物的包装单位。订货单位合理化主要为了避免过小单位出现在订单中，减少作业量与误差，如订货的最小单位是箱，则不要以单品为拣货单位。  ,拣货单位是指拣货作业中拣取货物的包装单位。订货单位合理化主要是避免过小单位出现在订单中，减少作业量与误差，如订货的最小单位是箱，则不要以单品为拣货单位。  ,10
按订单拣取：分别按每份订单拣货，即分拣完一个订单后，再分拣下一个订单。,按订单拣取是指分别按每份订单拣货，即分拣完一个订单后，再分拣下一个订单。,10
配送作业中拣货包装单位：单件、托盘、箱、特殊物品。,配送作业中拣货包装单位通常有以下四种：单件、托盘、箱、特殊物品。,10
按订单拣取作业又称作“摘果式”、“人到货前式”、“订单别拣选” 或“单一顺序拣选”等。原理是分拣人员或分拣工具巡回于各个储存点，按订单所列商品及数量，将客户所订购的商品逐一由仓库储位或其它作业区中取出，然后集中在一起的一种传统拣货方式。  ,按订单拣取作业原理是：分拣人员或分拣工具巡回于各个储存点，按订单所列商品及数量，将客户所订购的商品逐一由仓库储位或其它作业区中取出，然后集中在一起的一种传统拣货方式，又称作“摘果式”、“人到货前式”、“订单别拣选” 或“单一顺序拣选”等。  ,10
按单分拣作业方法特点包括：易于实施，配货准确度高，不易出错；各客户分拣相互没有约束；分拣完一个货单，货物便配齐，货物不再落地暂存，可直接装车配送；客户数量不受限制，可在很大范围内波动；对机械化、自动化没有严格要求，不受设备水平限制。,按单分拣作业方法特点：易于实施，配货准确度高，不易出错；各客户分拣相互没有约束；分拣完一个货单，货物便配齐，货物不再落地暂存，可直接装车配送；客户数量不受限制，可在很大范围内波动；对机械化、自动化没有严格要求，不受设备水平限制。,10
按单拣选产生的问题包括：商品品种多时，拣货行走路线过长，拣取效率低；拣取区域大时，搬运系统设计困难；少量、多批次拣取时，会造 成拣货路径重复费高，效率降低。,按单拣选产生的问题：商品品种多时，拣货行走路线过长，拣取效率低；    拣取区域大时，搬运系统设计困难；少量、多批次拣取时，会造 成拣货路径重复费高，效率降低。,10
批量拣取又称“播种式”，是指把多张订单集合成一批次，按商品品种类别将数量加总后再进行分拣，分拣完后再按客户订单进行分类处理的拣货作业方式。,批量拣取是把多张订单集合成一批次，按商品品种类别将数量加总后再进行分拣，分拣完后再按客户订单进行分类处理的拣货作业方式，又称“播种式”。,10
复合分拣是指按订单品项、数量和出库频率决定哪些订单适合按单分拣，哪些订单适合批量分拣。是按单分拣与批量分拣的组合运用。,复合分拣是按单分拣与批量分拣的组合运用，按订单品项、数量和出库频率决定哪些订单适合按单分拣，哪些订单适合批量分拣。,10
整合按单分拣方式是指为了提高输配送的效率，将某一地区的订单整合成一张拣货单，做一次分拣后，集中捆包出库。主要应用在每个订单只有一种品项的场合，它属于按单分拣的一种变形方式。,整合按单分拣方式，主要应用在每个订单只有一种品项的场合，为了提高输配送的效率，将某一地区的订单整合成一张拣货单，做一次分拣后，集中捆包出库。它属于按单分拣的一种变形方式,10
作业方法简单；订单处理前置时间短；导入容易且作业弹性大；作业员责任明确，作业容易组织；拣货后不必再进行分类作业是按单分拣的优点。,按单分拣的优点：作业方法简单；订单处理前置时间短；导入容易且作业弹性大；作业员责任明确，作业容易组织；拣货后不必再进行分类作业。,10
合计后拣货、效率较高；盘亏较少是批量分拣的优点。,批量分拣的优点：合计后拣货、效率较高；盘亏较少。,10
人至货前拣选方式：人到储存区寻找并取出所需要的货物。,人至货前拣选方式是指人(或人乘拣选车)到储存区寻找并取出所需要的货物。,10
人至货前拣选方式的特点包括：货物处于静态储存方式，要求货物必须是小型，且出货量较少。,人至货前拣选方式的特点：货物处于静态储存方式，要求货物必须是小型，且出货量较少。,10
货至人前拣选方式：将货物移动到人或拣选机旁，由人或拣选机拣选出所需的货物。,货至人前拣选方式是指将货物移动到人或拣选机旁，由人或拣选机拣选出所需的货物。,10
分拣的动作由自动的机械负责，电子信息输入后自动完成分拣作业，无须人手介入。大致有四个分段：合流、分拣识别、分拣分流和分运。,分拣的动作由自动的机械负责，电子信息输入后自动完成分拣作业，无须人手介入。大致可分为合流、分拣识别、分拣分流和分运四个分段。,10
电子标签拣货系统是一种计算机辅助的无纸化的拣货系统，采用计算机传输拣选指令到操作者面前的显示屏上，导引操作者完成规定的作业。,电子标签拣货系统（DPS）：一种计算机辅助的无纸化的拣货系统，采用计算机传输拣选指令到操作者面前的显示屏上，导引操作者完成规定的作业。,10
电子标签拣货系统的原理是在每一个货位安装数字显示器，利用计算机的控制将订单信息传输到数字显示器内，拣货人员根据数字显示器所显示的数字拣货，拣完货之后按确认钮即完成拣货工作。,电子标签拣货系统的原理：在每一个货位安装数字显示器，利用计算机的控制将订单信息传输到数字显示器内，拣货人员根据数字显示器所显示的数字拣货，拣完货之后按确认钮即完成拣货工作，也叫做电子标签拣货。,10
电子标签功能包括：品种、库位指示； 出库数量显示；操作完成信息确认,电子标签功能：品种、库位指示； 出库数量显示；操作完成信息确认,10
电子标签按功能可以分为：传统电子标签、智慧型电子标签。,电子标签根据其功能可以分为传统电子标签和智慧型电子标签。,10
影响分拣作业效率的重要因素是分拣策略，对不同的订单需求应该采取不同的分拣策略。,分拣策略是影响分拣作业效率的重要因素，对不同的订单需求应采取不同的分拣策略。,10
分区、订单分割、订单分批、分类是决定分拣策略的主要因素,决定分拣策略的四个主要因素：分区、订单分割、订单分批、分类,10
订单分批按方式可分为：总合计量分批、固定订单分批、时窗分批、智能型分批四种。,订单分批方式可分为：总合计量分批、固定订单分批、时窗分批、智能型分批。,10
总合计量分批方式的优缺点：优点是一次拣出商品总量，可使平均拣取路径减到最短；储存区域的储存单位单纯化。缺点是需要功能强大的分类系统完成分类作业，订单数不可过多。,总合计量分批方式的优缺点：优点——一次拣出商品总量，可使平均拣取路径减到最短；储存区域的储存单位单纯化。缺点——需要功能强大的分类系统完成分类作业，订单数不可过多。,10
固定订单量分批方法的优点：维持稳定的拣货效率，使自动化的拣货、分类设备得以发挥最大功效。固定订单量分批方法的缺点：订单的商品总量变化不宜太大，否则会造成分类作业的不经济。,固定订单量分批方法的优缺点：优点——维持稳定的拣货效率，使自动化的拣货、分类设备得以发挥最大功效。缺点——订单的商品总量变化不宜太大，否则会造成分类作业的不经济。,10
智能型分批方式的优点：分批时已考虑到订单的类似性及拣货路径的顺序，使拣货效率更进一步提高。智能型分批方式的缺点：所需软件技术层次较高不易达成，且信息处理的前置时间较长，若发生紧急插单处理作业较为困难。,智能型分批方式的优缺点：优点——分批时已考虑到订单的类似性及拣货路径的顺序，使拣货效率更进一步提高。缺点——所需软件技术层次较高不易达成，且信息处理的前置时间较长，若发生紧急插单处理作业较为困难。,10
补货作业：从保管区域将货品移到另一个为了做订单拣取的动管拣货区域，然后将此迁移作业做书面上之处理。,补货作业包括从保管区域(Reserve Area)将货品移到另一个为了做订单拣取(Order Picking)的动管拣货区域(Home Area)，然后将此迁移作业做书面上之处理。,10
补货作业的目的包括：保证拣货区随时有货可拣，能够及时满足客户订货的需要，以提高拣货的效率。,补货作业的目的是：保证拣货区随时有货可拣，能够及时满足客户订货的需要，以提高拣货的效率。,10
对货物进行储存的区域称为保管储区。,保管储区：是指对货物进行储存的区域。,10
动管储区：在拣货作业时所使用的拣货区域。此区域的货品大多在短时期即将被拣取出货，其货品在储位上流动频率很高所以称为动管储区,动管储区是指：在拣货作业时所使用的拣货区域。此区域的货品大多在短时期即将被拣取出货，其货品在储位上流动频率很高所以称为动管储区,10
补货方式：整箱补货；整托补货；货架之间的补货。,补货方式有：整箱补货；整托补货；货架之间的补货。,10
补货作业的策划必须满足“确保有货可配”和“将待配商品放置在存取都方便的位置”两个前提。,补货作业的策划必须满足两个前提，即“确保有货可配”和“将待配商品放置在存取都方便的位置”。,10
盘点作业：为了对库存商品的数量进行有效控制，并查清商品在库房中的质量状况，必须定期对各储存场所进行清点作业的过程。 ,为了对库存商品的数量进行有效控制，并查清商品在库房中的质量状况，必须定期对各储存场所进行清点作业，这一过程我们称为盘点作业。 ,10
盘点的原因有：是否常发现仓库有不明物品，没标示，没数量，状态不明确？生产计划制定过程中，是否经常出现产品多计划或少计划，造成库存积压和短缺现象？库房现场是否经常凌乱，物料急用时一时难于找到?仓库、现场的盘点是否经常出现异常（数量不准、漏盘、多盘等等），是我们盘点中哪一个环节出现了问题?,盘点的原因：是否常发现仓库有不明物品，没标示，没数量，状态不明确？生产计划制定过程中，是否经常出现产品多计划或少计划，造成库存积压和短缺现象？库房现场是否经常凌乱，物料急用时一时难于找到?仓库、现场的盘点是否经常出现异常（数量不准、漏盘、多盘等等），是我们盘点中哪一个环节出现了问题?,10
盘点的意义包括：A查清实际库存数量；B计算企业资产的损益，掌握盘点周期内的亏盈状况；C发现仓库、现场管理中存在的问题，加强管理，防微杜渐；D掌握物品的存货水平，呆滞物料的情况及物品的周转状况；E发现并清除吊滞料，理整环境、清除死角；F有效整顿仓库、现场等物料存放。,盘点的意义：A查清实际库存数量；B计算企业资产的损益，掌握盘点周期内的亏盈状况；C发现仓库、现场管理中存在的问题，加强管理，防微杜渐；D掌握物品的存货水平，呆滞物料的情况及物品的周转状况；E发现并清除吊滞料，理整环境、清除死角；F有效整顿仓库、现场等物料存放。,10
盘点方法包含：以帐或物区分的帐面存货盘点、实物存货盘点；以盘点区域区分的全面盘点、分类盘点；以盘点周期区分的定期盘点、不定期盘点。,盘点方法：以帐或物区分——帐面存货盘点、实物存货盘点；以盘点区域区分——全面盘点、分类盘点；以盘点周期区分——定期盘点、不定期盘点。,10
账面盘点法又称永续盘点法，是指将每一种物品分别设立“存货帐卡”，然后将每一种物品的出入库数量及有关信息记录在账面上，逐笔汇总出账面库存结余数，保证随时可以从电脑或账册上查悉物品的出入库信息及库存结余量。 ,账面盘点法也叫永续盘点法，就是将每一种物品分别设立“存货帐卡”，然后将每一种物品的出入库数量及有关信息记录在账面上，逐笔汇总出账面库存结余数，保证随时可以从电脑或账册上查悉物品的出入库信息及库存结余量。 ,10
实物盘点又称现货盘点，具体是指在仓库实地去清点调查仓库内的各种物资的库存数，再根据货品单价，计算出实际库存金额的方法。 ,“实物盘点”又称“现货盘点”，就是在仓库实地去清点调查仓库内的各种物资的库存数，再根据货品单价，计算出实际库存金额的方法。 ,10
依存货管理重要性加以分类，设定各分类的盘点期间，每天、每周即作少量少种的盘点，到了月末或期末则每项货品至少完成一次盘点，周而复始称之为循环盘点。,循环盘点指依存货管理重要性加以分类，设定各分类的盘点期间，每天、每周即作少量少种的盘点，到了月末或期末则每项货品至少完成一次盘点，周而复始称之为循环盘点。,10
盘点的原则包括：真实、准确、完整、清楚。,盘点的原则：真实、准确、完整、清楚。,10
盘点前的准备：决策准备；人员准备；环境整理； 盘点工具准备；盘点前指导。,盘点前的准备包括：决策准备；人员准备；环境整理； 盘点工具准备；盘点前指导。,10
配货作业：把拣取分类完成的货品经过配货检查过程后，装入容器和做好标示，再运到发货准备区，待装车后发送。,配货作业（Assorting）：是指把拣取分类完成的货品经过配货检查过程后，装入容器和做好标示，再运到发货准备区，待装车后发送。,10
分货作业：在拣货作业完成之后，将所拣选的货品根据不同的顾客或配送路线进行的分类，对其中需要经过流通加工的商品拣选集中后，先按流通加工方式分类，分别进行加工处理，再按送货要求分类出货的过程。,分货作业是在拣货作业完成之后，将所拣选的货品根据不同的顾客或配送路线进行的分类，对其中需要经过流通加工的商品拣选集中后，先按流通加工方式分类，分别进行加工处理，再按送货要求分类出货的过程。,10
集中不同客户的配送货物，进行搭配装载，以充分利用运能、运力的工作是配装。,配装是指集中不同客户的配送货物，进行搭配装载，以充分利用运能、运力的工作。,10
配货的优点有：A 配货作业是配送中心区别于传统仓储作业的明显特征；B 增加了配货业务，增强了企业的灵活性、竞争力和生存力；C 提高了仓库利用率；D 增加了车辆配载率，使空置、闲置的资源得到了全面的利用。,配货的优点：A 配货作业是配送中心区别于传统仓储作业的明显特征；B 增加了配货业务，增强了企业的灵活性、竞争力和生存力；C 提高了仓库利用率；D 增加了车辆配载率，使空置、闲置的资源得到了全面的利用。,10
保证分货的准确、快速或识别货物的流向是配货印贴标签的作用。,配货印贴标签的作用是保证分货的准确、快速或识别货物的流向。,10
所有分货作业过程全部由人根据订单、拣货单来进行，作业由人、货架、集货设备（货箱、托盘等）配合完成，不借助任何电脑或自动化的辅助设备就是人工分货。,人工分货是指所有分货作业过程全部由人根据订单、拣货单来进行，作业由人、货架、集货设备（货箱、托盘等）配合完成，不借助任何电脑或自动化的辅助设备。,10
利用自动分类机及分辨系统完成分货就是自动分类机分货。,自动分类机分货是指利用自动分类机及分辨系统完成分货。,10
利用旋转货架完成分货工作就是旋转架分货。,旋转架分货是指：利用旋转货架完成分货工作。,10
配货检查的方法包括：人工检查法、条码检查法、声音输入检查法、重量计算检查法。,配货检查的方法有：人工检查法、条码检查法、声音输入检查法、重量计算检查法。,10
配货作业中的包装主要是运输包装，主要作用是保护货物并将多个零散包装物品放人大小合适的箱子中，实现整箱集中装卸、成组化搬运等，减少搬运次数，降低货损，提高配送效率。,配货作业中的包装主要是指运输包装，其主要作用是为了保护货物并将多个零散包装物品放人大小合适的箱子中，以实现整箱集中装卸、成组化搬运等，同时减少搬运次数，降低货损，提高配送效率。,10
配装：配送中心按存货客户的指令，根据目的地、发货数量、线路等对待发货的物品进行配车并装车的活动。,配装（goods matching）指配送中心按存货客户的指令，根据目的地、发货数量、线路等对待发货的物品进行配车并装车的活动。,10
送货作业：将拣取分类完成之货品作好出货检查，装入合适的容器，做好标志，根据车辆趟次别或厂商别等指示将物品运至出货准备区，最后装车配送，是配送作业的最后一个环节。,送货作业是指将拣取分类完成之货品作好出货检查，装入合适的容器，做好标志，根据车辆趟次别或厂商别等指示将物品运至出货准备区，最后装车配送，是配送作业的最后一个环节。,10
配送运输又称输配送，对整个运输过程有着很重要的影响。属于末端运输、支线运输。,配送运输（又称输配送）属于运输中的末端运输、支线运输，对整个运输过程有着很重要的影响。,10
配送运输有短距离、小批量、高频率的特点。,配送运输通常是一种短距离、小批量、高频率。,10
将客户所需的物品通过运输工具以及一定的运输路线和其他设备送达到客户手中的物流活动称为送货。,送货是指将客户所需的物品通过运输工具以及一定的运输路线和其他设备送达到客户手中的物流活动。 ,10
节约里程法的意义包括：满足客户配送需要；减少配送车辆使用；减少配送车辆使用。,节约里程法的意义：满足客户配送需要；减少配送车辆使用；减少配送车辆使用。,10
集中存储货物，保持合理的库存；控制物流费用；避免迂回运输和相向运输等不合理现象；提高服务质量，扩大销售等都是配送中心规划目标应考虑的因素。,配送中心规划目标应考虑的因素：集中存储货物，保持合理的库存；控制物流费用；避免迂回运输和相向运输等不合理现象；提高服务质量，扩大销售。,10
配送中心规划的原则有：动态原则；低运费原则；服务和竞争原则；交通便利原则；统筹原则。,配送中心规划的原则：动态原则；低运费原则；服务和竞争原则；交通便利原则；统筹原则。,10
配送中心规划的过程：配送中心的设立时机规划；配送中心的类型选择；配送中心的所有者选择；配送中心的地址选择；配送中心的规模选择；配送中心的设施设备选择；配送中心的组织结构和岗位设置。,配送中心规划的程序：配送中心的设立时机规划；配送中心的类型选择；配送中心的所有者选择；配送中心的地址选择；配送中心的规模选择；配送中心的设施设备选择；配送中心的组织结构和岗位设置。,10
配送中心作业方案规划阶段包括：功能流程设计； 平面及设施布置； 信息系统规划； 作业流程设计； 组织结构及人员配置； 制定进度计划；  建设成本的概算 。,配送中心作业方案规划阶段：功能流程设计； 平面及设施布置； 信息系统规划； 作业流程设计； 组织结构及人员配置； 制定进度计划；  建设成本的概算 。,10
配送中心的各个阶段：配送中心评估阶段；配送中心设计阶段；配送中心实施阶段。,配送中心各阶段包括：配送中心评估阶段；配送中心设计阶段；配送中心实施阶段。,10
在一个具有若干供应点及若干个需求点的经济区域内，选一个地址设置配送中心的规划过程称为配送中心选址。,配送中心选址是指在一个具有若干供应点及若干个需求点的经济区域内，选一个地址设置配送中心的规划过程。,10
战略性原则、适应性原则、因地制宜原则、协调性原则、经济性原则等是配送中心的选址原则。,配送中心的选址原则：战略性原则；适应性原则；因地制宜原则；协调性原则；经济性原则。,10
配送中心的选址应考虑的因素包含：尽量靠近客户；尽可能靠近交通干线；尽量将配送中心建在地价便宜、交通方便的郊区；尽可能考虑人力资源方面的问题；尽可能考虑地理、气候等自然条件方面的问题。,配送中心的选址应考虑的因素：尽量靠近客户；尽可能靠近交通干线；尽量将配送中心建在地价便宜、交通方便的郊区；尽可能考虑人力资源方面的问题；尽可能考虑地理、气候等自然条件方面的问题。,10
物流配送中心选址规划所考虑的因素有：经济环境因素  ；自然环境因素；政策环境因素  。,物流配送中心选址规划所考虑的因素 ：经济环境因素  ；自然环境因素；政策环境因素  。,10
配送中心选址前要先确定建设配送中心的数量及网络结构图。,配送中心选址前，首先要确定建设配送中心的数量及网络结构图。,10
重心法是一种精确解析方法，适于单中心选址问题。利用求平面物体重心的原理求物流系统中配送重心的设置位置而得名。,重心法：利用求平面物体重心的原理求物流系统中配送重心的设置位置而得名。是一种精确解析方法，适于单中心选址问题。,10
重心法的假设条件包括：需求量集中于某一点上；不同地点物流节点的建设费用、运营费用相同；运输费用随运输距离成正比增加；运输线路为空间直线。,重心法的假设条件：需求量集中于某一点上；不同地点物流节点的建设费用、运营费用相同；运输费用随运输距离成正比增加；运输线路为空间直线。,10
重心法的优点有：数据容易搜集，计算简单，容易理解。由于通常不需要对物流系统进行整体评估，所以在单一设施选址时常采用解析方法。 ,重心法的优点：数据容易搜集，计算简单，容易理解。由于通常不需要对物流系统进行整体评估，所以在单一设施选址时常采用解析方法。 ,10
重心法的缺点有：一般此法是根据可变成本来进行选址的，没有区分在不同地点物流配送中心或网点所需资本成本的差异；该方法假设运费随距离呈线性变化，而实际生活中运费常常是随距离增大而递减；配送中心和其他网络节点之间的路线通常假定为直线，且被选地址是连续的，这都不符合实际情况。,重心法的缺点：首先，一般此法是根据可变成本来进行选址的，没有区分在不同地点物流配送中心或网点所需资本成本的差异；其次，该方法假设运费随距离呈线性变化，而实际生活中运费常常是随距离增大而递减；另外，配送中心和其他网络节点之间的路线通常假定为直线，且被选地址是连续的，这都不符合实际情况。,10
配送中心总体设计流程包括：基础规划资料分析；规划条件设定；作业功能规划；作业流程规划；作业区域布局规划。,配送中心总体设计流程：基础规划资料分析；规划条件设定；作业功能规划；作业流程规划；作业区域布局规划。,10
作业流程规划以后就可以根据配送中心的运营特性规划所需要的作业区域。其中作业区域包括物流作业区域、辅助作业区域和事务活动区域。,作业流程规划以后，即可根据配送中心的运营特性规划所需要的作业区域。作业区域包括物流作业区域、辅助作业区域和事务活动区域。,10
退货物流作业区的作业项目有：退货；退货卸货；退货点收；退货责任确认；退货良品处理；退货瑕疵品处理；退货废品处理。,退货物流作业区的作业项目包括：退货；退货卸货；退货点收；退货责任确认；退货良品处理；退货瑕疵品处理；退货废品处理。,10
配送中心作业区域规划原则包括：要求物料搬运流程通畅、短捷、方便、往返避免交叉；选择适当的建筑模式，采用适当的高度、跨度、柱距，充分利用建筑的空间；合理划分和协调配置储存区域和其他区作业场所；为工作人员创造安全、舒适的工作环境；具备适应变化的柔性；投资合理。,配送中心作业区域规划原则：要求物料搬运流程通畅、短捷、方便、往返避免交叉；选择适当的建筑模式，采用适当的高度、跨度、柱距，充分利用建筑的空间；合理划分和协调配置储存区域和其他区作业场所；为工作人员创造安全、舒适的工作环境；具备适应变化的柔性；投资合理。,10
相关程度决定因素：两个区域之间传递的物流量的大小，物流量越大，关系密切程度就越高，否则就低；两个区域之间业务交流的频繁程度，如人员接触、文件传递等。前者称物流相关，后者称活动相关或非物流相关。,相关程度决定于两个因素：一是两个区域之间传递的物流量的大小，物流量越大，关系密切程度就越高，否则就低；二是两个区域之间业务交流的频繁程度，如人员接触、文件传递等。前者称物流相关，后者称活动相关或非物流相关。,10
配送中心作业区域规划程序包含：活动关系的分析；区域位置的布置；流程动线分析；实体限制的修正。,配送中心作业区域规划程序：活动关系的分析；区域位置的布置；流程动线分析；实体限制的修正。,10
物流相关分析就是对配送中心各区域间传递的物流量大小进行分析，用物流量的大小表示各功能区域之间的物流相关程度，分为A、E、I、O、U五个等级。,物流相关分析即对配送中心各区域间传递的物流量大小进行分析，用物流量的大小表示各功能区域之间的物流相关程度，分成五个等级，分别用A、E、I、O、U表示。,10
活动相关包括：程序性相关、组织管理上的相关、功能上的相关、环境上的相关。,活动相关可概括为：程序性相关、组织管理上的相关、功能上的相关、环境上的相关。,10
物流企业的绩效考核非常重要，通过物流绩效考核系统的建立、考核、评估等环节进行物流绩效的管理。,物流企业的绩效考核起着非同小可的作用，我们通过物流绩效考核系统的建立、考核、评估等环节进行物流绩效的管理。,10
绩效也称为业绩、效绩、成效等，反映人们从事某一种活动所产生的成绩和成果。,绩效（Performance），也称为业绩、效绩、成效等，反映的是人们从事某一种活动所产生的成绩和成果。,10
绩效管理是指各级管理者和员工为了达到组织目标共同参与的绩效计划制定、绩效实施、绩效评价、绩效评估结果应用、绩效目标提升的持续循环过程，以持续提升个人和组织的绩效。,绩效管理： 各级管理者和员工为了达到组织目标共同参与的绩效计划制定、绩效实施、绩效评价、绩效评估结果应用、绩效目标提升的持续循环过程，以持续提升个人和组织的绩效。,10
持续改善组织和个人绩效，最终实现企业战略目标是绩效管理的根本目的；绩效管理是一种管理思想，渗透在企业管理的整个过程之中，涉及企业文化、战略和计划、组织、人力资源、领导、激励、统计与控制等各个方面。,绩效管理的根本目的：持续改善组织和个人绩效，最终实现企业战略目标；绩效管理作为一种管理思想，渗透在企业管理的整个过程之中，涉及企业文化、战略和计划、组织、人力资源、领导、激励、统计与控制等各个方面。,10
绩效评价又称为“性能评价”或“绩效考核”，是指运用一定的技术方法，采用特定的指标体系，依据统一的评价标准，按照一定的程序，通过定量、定性对比分析，对业绩和效益做出客观、标准的综合判断，真实反映现时状况，预测未来发展前景的管理控制系统。,绩效评价：又称“性能评价”，也译为“绩效考核”，是指运用一定的技术方法，采用特定的指标体系，依据统一的评价标准，按照一定的程序，通过定量、定性对比分析，对业绩和效益做出客观、标准的综合判断，真实反映现时状况，预测未来发展前景的管理控制系统。,10
基于目标对运行结果的衡量是绩效评价。,绩效评价是基于目标对运行结果的衡量。,10
配送中心绩效是指配送中心依据客户订单在组织配送运作过程中的劳动消耗和劳动占用与所创造的物流价值的对比关系或者是配送运作过程中配送中心投入的配送资源与创造的物流价值的对比。,配送中心绩效指配送中心依据客户订单在组织配送运作过程中的劳动消耗和劳动占用与所创造的物流价值的对比关系，或者是配送运作过程中配送中心投入的配送资源与创造的物流价值的对比。,10
对物流价值的事前计划与控制以及事后的分析与评估，以衡量配送中心配送系统和配送活动全过程的投入与产出状况的分析技术与方法是配送中心绩效评价。,配送中心绩效评价是对物流价值的事前计划与控制以及事后的分析与评估，以衡量配送中心配送系统和配送活动全过程的投入与产出状况的分析技术与方法。,10
目前广泛应用的绩效管理框架主要是关键业绩指标法（KPI）和平衡计分法（BSC）。,目前被广泛应用的绩效管理框架主要是关键业绩指标法（Key Performance Indicator，KPI）和平衡计分法（Balance Scorecard，BSC）。,10
配送中心绩效评价的目标包括：改进配送运作程序，调整运作方式；了解配送中心空间、人员、设施、物品、订单、时间、成本、品质、作业规划等各个要素的状况，以便采取改进的措施；评价配送业务各部门和人员的工作绩效，达到激励员工、优化配送运作效率的目的；通过评价服务水平和配送成本，并与以往进行比较分析，向管理者和客户提供绩效评估报告。,配送中心绩效评价的目标：改进配送运作程序，调整运作方式；了解配送中心空间、人员、设施、物品、订单、时间、成本、品质、作业规划等各个要素的状况，以便采取改进的措施；评价配送业务各部门和人员的工作绩效，达到激励员工、优化配送运作效率的目的；通过评价服务水平和配送成本，并与以往进行比较分析，向管理者和客户提供绩效评估报告。,10
配送中心绩效评价的作用包括：提出和追踪配送运作目标及完成情况，并进行不同层次和角度的分析与评价，实现对配送活动的事前控制；判断配送运作目标的可行性和完成程度，进而调整配送目标；提升配送绩效；是企业内部监控的有效工具和方法；分析与评估配送运作的资源素质与能力，确定配送企业发展战略。,配送中心绩效评价的作用：提出和追踪配送运作目标及完成情况，并进行不同层次和角度的分析与评价，实现对配送活动的事前控制；判断配送运作目标的可行性和完成程度，进而调整配送目标；提升配送绩效；是企业内部监控的有效工具和方法；分析与评估配送运作的资源素质与能力，确定配送企业发展战略。,10
通过对组织内部流程的输入端、输出端的关键参数进行设置、取样、计算、分析，衡量流程绩效的一种目标式量化管理指标，把企业的战略目标分解为可操作的工作目标的工具，企业绩效管理的基础是关键绩效指标。,关键绩效指标：是通过对组织内部流程的输入端、输出端的关键参数进行设置、取样、计算、分析，衡量流程绩效的一种目标式量化管理指标，是把企业的战略目标分解为可操作的工作目标的工具，是企业绩效管理的基础。,10
做好绩效管理的关键是建立明确的切实可行的KPI体系。,建立明确的切实可行的KPI体系，是做好绩效管理的关键。,10
选择评价指标的原则包括：能反映组织整体或个别作业单位的业绩；确实反映负责人或经理人的努力程度，同时，对于不是他所能控制的因素也应能适当显示；要有助于问题点的分析，这样才能协助企业找到加强改进的方向。,选择评价指标的原则：选出的指标能反映组织整体或个别作业单位的业绩；选出的指标确实反映负责人或经理人的努力程度，同时，对于不是他所能控制的因素也应能适当显示；选出的指标要有助于问题点的分析，这样才能协助企业找到加强改进的方向。,10
设施是指除人员、设备以外的一切硬件，具体包括办公室、休息室、仓储区、拣货区、收货区和出货区等等区域空间的安排及一些消防设施等周边硬件。 ,设施，指除人员、设备以外的一切硬件，包括办公室、休息室、仓储区、拣货区、收货区和出货区等等区域空间的安排及一些消防设施等周边硬件。 ,10
设施空间利用率是指针对空间利用度、有效度要考虑。一句话，提高单位土地面积的使用效率。,设施空间利用率就是针对空间利用度、有效度要考虑。一句话，提高单位土地面积的使用效率。,10
设施空间利用率的影响因素包括货架、仓储区的储存量、每天理货场地的配货周转次数等。,设施空间利用率要考虑货架、仓储区的储存量、每天理货场地的配货周转次数等。,10
每一个企业经营评估的重要指标是人员作业效率的考核分析。人员利用率评估主要包含：人员编制、员工待遇、人员效率。,对于人员作业效率的考核分析，是每一个企业经营评估的重要指标。人员利用率评估主要从三个方面着手：  人员编制 、员工待遇、人员效率。,10
配送中心的设备主要用于物流作业活动，如：保管、搬运、存储、装卸、配送等。,配送中心的设备主要用于保管、搬运、存储、装卸、配送等物流作业活动。,10
规划是用来拟定根据决策目标应采取的行动，是一种方法；为整个物流活动过程选择合理的作业方式、正确的行动方向是规划的目的。,规划是一种方法，用来拟定根据决策目标应采取的行动；规划的目的是为整个物流活动过程选择合理的作业方式、正确的行动方向。,10
时间最容易看出整体作业能力的高低，是衡量效率最直接的因素。,时间是衡量效率最直接的因素，最容易看出整体作业能力的高低。,10
评估时间效率主要是指掌握单位时间内收入、产出量、作业单元数及各作业时间比率。,评估时间效率，主要是掌握单位时间内收入、产出量、作业单元数及各作业时间比率。,10
直接或间接用于收货、储存保管、拣货配货、流通加工、信息处理和配送作业的费用的总和是配送中心的物流成本。,配送中心的物流成本，是指直接或间接用于收货、储存保管、拣货配货、流通加工、信息处理和配送作业的费用的总和。,10
质量包括商品的质量优劣以及各项物流各项物流作业的特殊的质量指标：如耗损、缺货、呆滞品、维修、退货、延迟交货、事故、误差率等。,质量，不仅包括商品的质量优劣，还包括各项物流各项物流作业的特殊的质量指标：如耗损、缺货、呆滞品、维修、退货、延迟交货、事故、误差率等。,10
进货作业包含接收商品、装卸搬运、码托盘、核对该商品的数量及质量和签单，然后将有关信息书面化等一系列工作。,进货作业包括接收商品、装卸搬运、码托盘、核对该商品的数量及质量（主要是外表质量）和签单，然后将有关信息书面化等一系列工作。,10
空间利用率是进出货作业绩效评估的指标,进出货作业绩效评估指标——空间利用率,10
人员负担和时间耗用是配送中心绩效评价的指标,配送中心绩效评价指标——人员负担和时间耗用,10
储存作业是指对存货或物品做妥善保管，充分利用仓库空间，注重库存控制，减少资金占用，降低保管成本，减少积压、过期、变质物品的物流活动。,储存作业：指对存货或物品做妥善保管，充分利用仓库空间，注重库存控制，减少资金占用，降低保管成本，减少积压、过期、变质物品的物流活动。,10
衡量配送中心每单位存货的库存管理费用是库存管理费率。,库存管理费率：衡量配送中心每单位存货的库存管理费用。,10
呆废货品率是测定配送中心货品损耗影响资金积压的状况。,呆废货品率：用来测定配送中心货品损耗影响资金积压的状况。,10
呆品废品改善对策包括：A验收时力求严格把关，防止不合格货品混入；B检讨储存方法、设备与养护条件，防止货品变质。特别是对货品的有效期管理更应重视。C随时掌握库存水平。特别是滞销品的处置，减少呆废货品积压资金和占用库存。,呆品废品改善对策：A验收时力求严格把关，防止不合格货品混入；B检讨储存方法、设备与养护条件，防止货品变质。特别是对货品的有效期管理更应重视。C随时掌握库存水平。特别是滞销品的处置，减少呆废货品积压资金和占用库存。,10
盘点作业应考虑的问题有：A盘点中，实际存量和账面存量的差异是多少？B这些差异是发生在哪些品项？C每次循环盘点中，有几次确实存在误差？D平均每品项货品发生误差的次数是多少？,盘点作业应考虑的问题：A盘点中，实际存量和账面存量的差异是多少？B这些差异是发生在哪些品项？C每次循环盘点中，有几次确实存在误差？D平均每品项货品发生误差的次数是多少？,10
《物流术语》中规定运输是：用专用运输设备将物品从一个地点向另一地点运送。其中包括集货、分配、搬运、中转、装入、卸下、分散等一系列操作。,我国国家标准《物流术语》对运输的定义是：用专用运输设备将物品从一个地点向另一地点运送。其中包括集货、分配、搬运、中转、装入、卸下、分散等一系列操作。,10
运输主体（人或者是货物）透过运输工具（或交通工具与运输路径），由甲地移动至乙地，完成某个经济目的的行为称为运输。,运输是指运输主体（人或者是货物）透过运输工具（或交通工具与运输路径），由甲地移动至乙地，完成某个经济目的的行为。,10
运输的地位：物流的主要功能要素之一；社会物质生产的必要条件之一 ；可以创造“场所效用”；"第三利润源"的主要源泉。,运输的地位：运输是物流的主要功能要素之一；运输是社会物质生产的必要条件之一 ；运输可以创造“场所效用”；运输是"第三利润源"的主要源泉。,10
马克思将运输称之为“第四个物质生产部门”，它是国民经济的基础和先行。,运输是国民经济的基础和先行，马克思将运输称之为“第四个物质生产部门”。,10
运输方式按运输设备及运输工具可分为：公路运输；铁路运输；水路运输和航空运输；,运输方式按运输设备及运输工具分类：公路运输；铁路运输；水路运输；航空运输；,10
场所效用指同种"物"由于空间场所不同，其使用价值的实现程度则不同，其效益的实现也不同。由于改变场所而最大发挥使用价值，最大限度提高了投入产出比，这就称之为"场所效用"。,场所效用的含义是：同种"物"由于空间场所不同，其使用价值的实现程度则不同，其效益的实现也不同。由于改变场所而最大发挥使用价值，最大限度提高了投入产出比，这就称之为"场所效用"。,10
运输方式按运输范畴可分为干线运输；支线运输；二次运输和厂内运输。,运输方式按运输范畴分类：干线运输；支线运输；二次运输；厂内运输。,10
运输方式按运输作用的不同可分为集货运输和配送运输。,运输方式按运输作用的不同分类：集货运输；配送运输。,10
运输方式按运输中途是否换载可分为直达运输和中转运输。,运输方式按运输中途是否换载分类：直达运输；中转运输；,10
运输系统包括运输线路、运输节点 、运输工具及运输的参与者。,运输系统的构成要素包括运输线路、运输节点 、运输工具及运输的参与者。,10
仓库一般只做外观检验和尺寸精度检验两种。,仓库一般只做外观检验。,5
在仓库中，质量验收主要指物品外观检验，由仓库保管职能机构组织进行。,在仓库中，质量验收主要指物品外观检验。,5
物品验收方式分为全验和抽验。,物品验收方式：全验。,5
物品检验内容：数量检验、质量检验,物品检验内容只有数量检验,5
组织结构建立的原则：任务目标原则、精简原则、专业分工与协作原则、指挥统一原则、责权利相结合原则、有效管理幅度原则、稳定性和适应性相结合原则。,任务目标原则、精简原则、责权利相结合原则、有效管理幅度原则、稳定性和适应性相结合原则。,7
一般形成三级仓储管理层次，即决策层、执行监督层和仓库作业层。,决策层。,3
直线制组织结构形式是由一个上级直接管理多个下级的一种组织结构形式。,直线制组织结构形式是由多个上级直接管理多个下级的一种组织结构形式。,7
典型的仓储企业组织结构形式：直线制组织结构形式、直线职能制组织结构形式、事业部制组织结构形式。,直线制组织结构形式和事业部制组织结构形式。,6
直线职能制组织结构形式是在直线制的基础上加上职能部门，这些职能部门分管不同专业，这些职能结构都是某种职能的组合体。,直线职能制组织结构形式是在直线制的基础上加上职能部门，这些职能结构都是某种职能的组合体。,7
事业部制组织结构形式是一种较为复杂的仓储组织结构形式，它是在总公司领导下，以某项职能为事业部，实行统一管理、分散经营的管理方法。,事业部制组织结构形式是一种较为复杂的仓储组织结构形式，以某项职能为事业部，实行统一管理、分散经营的管理方法。,8
在仓储企业中，一般包括保管员、理货员、商品养护员等岗位。,保管员、理货员,6
保管员是指对存储物品进行保存、维护管理的人员。,对存储物品进行保存管理的人员。,6
理货员是指在仓库、配送中心、超市、港口码头等企业中，从事物品整理、拣选、配货、包装、符合、置唛和物品交接、验收、整理、堆码等的人员。,在仓库、配送中心等企业中，从事物品整理、拣选、配货、堆码等的人员。,4
商品养护员是指对库存商品进行保养维护的人员。,对库存商品进行保养维护的人员。,9
仓库管理员是仓库内从事与物品仓储迆管理有关工作的一线操作人员的统称，包括直接从事物品收发、出入库、分拣、理货等工作的人员，不含装卸工，简称仓管员。,是仓库内从事与物品仓储迆管理有关工作的一线操作人员的统称，包括直接从事物品收发、分拣、理货等工作的人员，含装卸工。,7
货架是指用立柱、隔板或横梁等组成的例题储存物品的设施。,货架是指用立柱组成的例题储存物品的设施。,6
货架的作用：充分利用仓容；保护货物；便于存取；便于清点和计量。,保护货物；便于存取；,5
按货架的发展分类：传统式货架、新型货架,传统式货架,5
按货架的结构特点分类：层架、层格架、橱架、抽屉架等,橱架、抽屉架,5
按货架的载货方式分类：悬臂式货架、橱柜式货架、棚板式货架,悬臂式货架、橱柜式货架,6
按货架的封闭程度分类：敞开式货架、半封闭式货架、封闭式货架,按货架的封闭程度分类：敞开式货架,3
按货架的适用性分类：通用货架、专用货架,按货架的适用性分类：通用货架,5
按货架的可动性分类：固定式货架、移动式货架、旋转式货架、组合货架、可调式货架、流动储存货架,按货架的可动性分类：固定式货架、移动式货架,4
托盘式货架又称工业货架，一般采用叉车等装卸设备作业，是以托盘单元方式来保管货物的货架，是机械化、自动化货架仓库的主要组成部分。  ,采用叉车等装卸设备作业，是以托盘单元方式来保管货物的货架。,6
重力式货架是指在货架每层的通道上，都安装有一定坡度的、带有轨道的 导轨，入库的单元货物在重力的作用下，由入库端流向出库端。 ,重力式货架是指在货架每层的通道上，由入库端流向出库端。,4
叉车是指具有各种叉具，能够对物品进行升降和移动以及装卸作业的搬运车辆。,能够对物品进行升降和移动以及装卸作业的搬运车辆。,7
常见的堆垛机有：桥式堆垛机、巷道式堆垛机。,常见的堆垛机有：巷道式堆垛机。,5
叉车的分类：平衡重式叉车、前移式叉车、侧面叉车、拣选叉车、电动插腿式叉车、多方向堆垛叉车、集装箱叉车。,叉车的分类：平衡重式叉车、前移式叉车、侧面叉车、多方向堆垛叉车、集装箱叉车。,7
悬挂梁式起重机，主要分为悬挂单梁式起重机和悬挂双梁式起重机。,悬挂单梁式和悬挂双梁式。,9
托盘是物流过程中承载货物的集装单元化工具之一，是与搬运装卸机械配套使用的重要的集装器具。,托盘是物流过程中承载货物的集装单元化工具之一。,5
轮式托盘也称物流台车，是在箱式托盘、柱式托盘或网箱托盘的底部装上脚轮而成，既便于机械化搬运，又宜于短距离的人力移动。 ,轮式托盘是在箱式托盘、柱式托盘或网箱托盘的底部装上脚轮而成，便于机械化搬运和短距离的人力移动。,9
输送设备一般为连续输送设备，常见的输送设备有如下几种类型：带式输送机、螺旋输送机、滚筒输送机、滚轮式输送机、链条式输送机、链板输送线。,输送设备一般为连续输送设备，常见的输送设备有如下几种类型：滚筒输送机、滚轮式输送机、链条式输送机、链板输送线。,7
仓储主要由以下几个部分组成：物品储存作业区，验收、分发作业区，管理室及生活间，其他辅助设施等。,物品储存作业区，验收、分发作业区等。,5
库区布局是指一个仓库的各个组成部分，如库存、货棚、货场、辅助建筑物、铁路专运线、库内道路、附属固定设备等。,库区布局是指一个仓库的各个组成部分，如库存、辅助建筑物、铁路专运线、库内道路、附属固定设备等。,8
影响仓库平面布置的因素：仓库的专业化程度、仓库的规模和功能。,仓库的专业化程度、仓库的功能。,7
仓库专业化程度主要与库存物品的种类有关。,仓库专业化程度与库存物品有关。,6
仓库平面布置的要求：仓库平面布置要适应仓储作业过程的要求，要有利于仓储作业的顺利进行；仓库平面布置要有利于提高仓储经济效益；仓库平面布置要有利于保证安全和职工的健康。,仓库平面布置的要求：仓库平面布置要有利于提高仓储经济效益；仓库平面布置要有利于保证安全和职工的健康。,6
储位划分的目的：一是为了提高仓库平面和空间利用率，另一方面是为了提高物品保管质量，方便出入库作业，从而降低物品的仓储处置成本。,储位划分的目的：一是为了提高仓库平面和空间利用率，另一方面是为了提高物品保管质量，方便出入库作业。,9
分区分类应考虑的因素：物品所需的储存条件；仓库空间利用率；地坪载荷；仓库设施条件。,分区分类应考虑的因素：仓库设施条件。,3
储位划分的依据：分区分类应考虑的因素；分区分类方法。,储位划分的依据：分区分类方法。,5
仓库空间利用率的高低是衡量仓库经营管理水平的重要指标。,仓库空间利用率的高低衡量了仓库经营管理水平。,9
仓库内部平面布局有：横列式、纵列式、混合式。,仓库内部平面布局有：横列式、混合式。,7
仓库内部空间布局也称为仓库内部竖向布局，指储存物品在仓库立体空间上的布局，其目的在于充分有效地利用仓库空间。,仓库内部空间布局指储存物品在仓库立体空间上的布局，其目的在于利用仓库空间。,8
空间布局的主要形式有：物品堆垛；利用货架；采用架上平台。,采用架上平台。,3
储位编码：是指将库房、货场、货棚、货架按物品存放的具体位置顺序，统一编列号码，并作出明显标志。,储位编码是指将库房、货架按物品存放的具体位置顺序，统一编列号码，并作出明显标志。,8
储位编码包括：库房编号、库房内货位编号、货架上的货位编号、货场货位编号。,货场货位编号。,2
储位划分的形式包括：仓库内部平面布局、仓库内部空间布局。,储位划分的形式包括：仓库内部空间布局。,5
仓库防火防爆的具体措施：控制可燃物；隔绝空气；消除引火源；阻止火势蔓延；灭火器的使用,仓库防火防爆的具体措施：不控制可燃物；不隔绝空气；消除引火源；阻止火势蔓延；灭火器的使用,6
灭火器简略地分为三种：泡沫灭火器、干粉灭火器和二氧化碳灭火器。,泡沫灭火器。,3
人力作业的安全操作要求：在合适的作业环境和符合条件下进行作业；尽量采用机械作业；做好安全防护工作；专人指挥；合理安排休息时间。,不在合适的作业环境和符合条件下进行作业；尽量采用机械作业；做好安全防护工作；合理安排休息时间。,6