机械安全作业要求：在符合许可范围内操作；使用合适器械作业；设备作业要有专人指挥。,许可 操作 器械作业 设备作业 专人指挥,10,机械|安全|作业|要求|：|在|符合|许可|范围|内|操作|；|使用|合适|器械|作业|；|设备|作业|要|有|专人|指挥|。,n|an|vn|n|w|p|v|vn|n|f|v|w|v|a|n|n|w|n|vn|v|v|n|v|w,许可| |操作| |器械|作业| |设备|作业| |专人|指挥,vn|w|vn|w|n|n|w|n|n|w|n|v
仓储合同，又称仓储保管合同，是保管人储存存货人交付的仓储物，存货人支付仓储费的合同。,保管人 储存 存货人 交付 仓储物 支付 仓储费 合同,10,仓储|合同|，|又|称|仓储|保管|合同|，|是|保管|人|储存|存货|人|交付|的|仓储物|，|存货|人|支付|仓储费|的|合同|。,vn|n|w|d|v|vn|vn|n|w|v|v|n|v|n|n|v|u|n|w|n|n|v|n|u|n|w,保管|人| |储存| |存货|人| |交付| |仓储物| |支付| |仓储费| |合同,v|n|w|vn|w|n|n|w|v|w|n|w|v|w|n|w|n
诺成合同，是指合同自双方达成合意时成立。,合同 双方 合意 成立,10,诺成|合同|，|是|指|合同|自|双方|达成|合意|时|成立|。,PER|n|w|v|v|n|p|n|v|a|n|v|w,合同| |双方| |合意| |成立,n|w|n|w|a|w|v
仓储货品的验收问题的主要内容有三项：一是验收项目，二是验收方法，三是验收期限。,验收 项目 方法 期限,10,仓储|货品|的|验收|问题|的|主要|内容|有|三项|：|一|是|验收|项目|，|二|是|验收|方法|，|三|是|验收|期限|。,vn|n|u|vn|n|u|a|n|v|m|w|m|v|vn|n|w|m|v|vn|n|w|m|v|vn|n|w,验收| |项目| |方法| |期限,vn|w|n|w|n|w|n
验收期限：自物品和验收资料全部送达保管人之日起，至验收报告送出之日止。,物品 验收资料 保管人 验收报告,10,验收|期限|：|自|物品|和|验收|资料|全部|送达|保管|人|之|日起|，|至|验收|报告|送出|之|日|止|。,vn|n|w|p|n|c|vn|n|n|v|v|n|u|v|w|p|vn|n|v|u|n|v|w,物品| |验收|资料| |保管|人| |验收|报告,n|w|vn|n|w|v|n|w|vn|n
仓储合同的验收包括：验收项目、验收方法、验收期限。,项目 方法 期限,10,仓储|合同|的|验收|包括|：|验收|项目|、|验收|方法|、|验收|期限|。,vn|n|u|vn|v|w|vn|n|w|vn|n|w|vn|n|w,项目| |方法| |期限,n|w|n|w|n
物品储存的安全性指标，主要用发生的各种事故的大小和次数来表示，主要有人身伤亡、仓库失火、爆炸、被盗、机械损坏事故几类。,事故 大小 次数 人身伤亡 仓库失火 爆炸 被盗 机械损坏 事故,10,物品|储存|的|安全性|指标|，|主要|用|发生|的|各种|事故|的|大小|和|次数|来|表示|，|主要|有|人身伤亡|、|仓库|失火|、|爆炸|、|被盗|、|机械|损坏|事故|几类|。,n|v|u|n|n|w|ad|p|v|u|r|n|u|n|c|n|v|v|w|ad|v|vn|w|n|v|w|vn|w|v|w|n|v|n|m|w,事故| |大小| |次数| |人身伤亡| |仓库|失火| |爆炸| |被盗| |机械|损坏| |事故,n|w|n|w|n|w|vn|w|n|v|w|vn|w|v|w|n|v|w|n
仓储成本是指仓储企业在储存物品过程中，包括装卸搬运、存储保管、流通加工、收发物品等各个环节，和建造、购置仓库等设施设备所消耗的人力、物力、财力及风险成本的总和。,仓储企业 储存物品过 装卸搬运 存储保管 流通加工 收发物品 建造 购置仓库 设施设备 人力 物力 财力 风险成本 总和,10,仓储|成本|是|指|仓储|企业|在|储存|物品|过程|中|，|包括|装卸|搬运|、|存储|保管|、|流通|加工|、|收发|物品|等|各|个|环节|，|和|建造|、|购置|仓库|等|设施|设备|所|消耗|的|人力|、|物力|、|财力|及|风险|成本|的|总和|。,vn|n|v|v|vn|n|p|vn|n|n|f|w|v|n|v|w|vn|vn|w|vn|vn|w|vn|n|u|r|q|n|w|c|vn|w|v|n|u|n|n|u|v|u|n|w|n|w|n|c|n|n|u|n|w,仓储|企业| |储存|物品|过| |装卸|搬运| |存储|保管| |流通|加工| |收发|物品| |建造| |购置|仓库| |设施|设备| |人力| |物力| |财力| |风险|成本| |总和,vn|n|w|vn|n|u|w|v|v|w|vn|vn|w|vn|vn|w|vn|n|w|v|w|v|n|w|n|n|w|n|w|n|w|n|w|n|n|w|n
仓储成本是物流成本的重要组成部分，对物流成本的高低有直接影响。,物流成本 组成部分 物流成本 高低 直接影响,10,仓储|成本|是|物流|成本|的|重要|组成|部分|，|对|物流|成本|的|高低|有|直接影响|。,vn|n|v|n|n|u|a|vn|n|w|p|n|n|u|n|v|vn|w,物流|成本| |组成|部分| |物流|成本| |高低| |直接影响,n|n|w|vn|n|w|n|n|w|n|w|v
货物的仓储成本主要是指货物保管的各种支出，其中一部分为仓储设施和设备的投资，另一部分则为仓储保管作业中的活劳动或者物化劳动的消耗，主要包括工资和能源消耗等。,货物保管 支出 仓储设施 设备投资 仓储保管作业 活劳动 物化劳动 工资 能源消耗,10,货物|的|仓储|成本|主要|是|指|货物|保管|的|各种|支出|，|其中|一部|分为|仓储|设施|和|设备|的|投资|，|另|一部分|则|为|仓储|保管|作业|中|的|活劳动|或者|物化|劳动|的|消耗|，|主要|包括|工资|和|能源|消耗|等|。,n|u|vn|n|ad|v|v|n|v|u|r|n|w|f|m|v|vn|n|c|n|u|vn|w|r|n|d|v|vn|vn|vn|f|u|n|c|vn|vn|u|vn|w|ad|v|n|c|n|vn|u|w,货物|保管| |支出| |仓储|设施| |设备|投资| |仓储|保管|作业| |活|劳动| |物化|劳动| |工资| |能源|消耗,n|v|w|vn|w|vn|n|w|n|vn|w|vn|vn|n|w|a|vn|w|vn|vn|w|n|w|n|vn
反映仓储作业消耗的指标：材料、燃料和动力消耗指标；平均储存费用,材料 燃料 动力 消耗指标 储存费用,10,反映|仓储|作业|消耗|的|指标|：|材料|、|燃料|和|动力|消耗|指标|；|平均|储存|费用,v|vn|n|vn|u|n|w|n|w|n|c|n|vn|n|w|a|vn|n,材料| |燃料| |动力| |消耗|指标| |储存|费用,n|w|n|w|n|w|vn|n|w|vn|n
反映仓储作业质量的指标：货损货差率；设备完好率；保管损耗率；账务差异率；收发货差错率。,货损 货差率 设备 完好率 保管 损耗率 账务 差异率 收发货 差错率,10,反映|仓储|作业|质量|的|指标|：|货|损|货|差率|；|设备|完好率|；|保管|损耗率|；|账务|差异率|；|收|发货|差错率|。,v|vn|n|n|u|n|w|n|v|n|n|w|n|n|w|v|n|w|n|n|w|v|vn|n|w,货损| |货差率| |设备| |完好率| |保管| |损耗率| |账务| |差异率| |收|发货| |差错率,n|w|nz|w|n|w|n|w|v|w|n|w|n|w|nz|w|v|vn|w|n
反映仓储作业效率的指标：物品吞吐量；平均收发货时间；物品及时验收率；全员劳动生产率；库存物品的周转率；仓库作业效率。,物品 吞吐量 收发货时间 物品 验收率 劳动生产率 库存物品 周转率 仓库 作业效率,10,反映|仓储|作业|效率|的|指标|：|物品|吞吐量|；|平均|收|发货|时间|；|物品|及时|验收率|；|全员|劳动生产率|；|库存|物品|的|周转率|；|仓库|作业|效率|。,v|vn|vn|n|u|n|w|n|n|w|ad|v|vn|n|w|n|a|n|w|n|nz|w|n|n|u|n|w|n|vn|n|w,物品| |吞吐量| |收|发货|时间| |物品| |验收率| |劳动生产率| |库存|物品| |周转率| |仓库| |作业|效率,n|w|n|w|v|vn|n|w|n|w|n|w|nz|w|vn|n|w|n|w|n|w|vn|n
反映仓储作业效益的指标：工资利润率；成本利润率；资金利润率；利润总额；收入利润率；每吨物品保管利润。,工资利润率 成本利润率 资金利润率 利润总额 收入利润率 物品保管利润,10,反映|仓储|作业|效益|的|指标|：|工资|利润率|；|成本|利润率|；|资金|利润率|；|利润|总额|；|收入|利润率|；|每吨|物品|保管|利润|。,v|vn|vn|n|u|n|w|n|n|w|n|n|w|n|n|w|n|n|w|n|n|w|r|n|v|n|w,工资|利润率| |成本|利润率| |资金|利润率| |利润|总额| |收入|利润率| |物品|保管|利润,n|n|w|n|n|w|n|n|w|n|n|w|n|n|w|n|v|n
反映仓储作业设施设备利用程度的指标：仓库货物周转率；单位面积储存量；仓库空间利润率；设备利润率。,仓库货物 周转率 单位面积 储存量 仓库空间 利润率 设备 利润率,10,反映|仓储|作业|设施|设备|利用|程度|的|指标|：|仓库|货物|周转率|；|单位|面积|储存|量|；|仓库|空间|利润率|；|设备|利润率|。,v|vn|vn|n|n|vn|n|u|n|w|n|n|n|w|n|n|vn|n|w|n|n|n|w|n|n|w,仓库|货物| |周转率| |单位|面积| |储存|量| |仓库|空间| |利润率| |设备| |利润率,n|n|w|n|w|n|n|w|vn|n|w|n|n|w|n|w|n|w|n
仓储成本是衡量仓储企业经营管理水平和管理质量高低的重要标志。,衡量 仓储企业 经营管理水平 管理质量 高低 重要标志,10,仓储|成本|是|衡量|仓储|企业|经营|管理|水平|和|管理|质量|高低|的|重要|标志|。,vn|n|v|v|vn|n|vn|vn|n|c|vn|n|n|u|a|n|w,衡量| |仓储|企业| |经营|管理|水平| |管理|质量| |高低| |重要|标志,v|w|vn|n|w|vn|vn|n|w|vn|n|w|n|w|a|n
根据成本的性质可将仓储成本分为固定成本和变动成本两部分。,固定成本 变动成本,10,根据|成本|的|性质|可|将|仓储|成本|分为|固定成本|和|变动|成本|两|部分|。,p|n|u|n|v|p|vn|n|v|n|c|vn|n|m|n|w,固定成本| |变动成本,n|w|n
仓储成本分析与控制包括以下方面： 存储成本分析与控制；装卸搬运作业成本分析与控制；备货作业成本分析与控制；人工费用的分析与控制；包装作业成本分析与控制；机具物料和燃料的成本控制；提高仓储服务质量，降低仓储成本；降低机会成本和风险成本。,存储 装卸搬运作业 备货作业成本 人工费用 包装作业成本 机具物料 燃料 成本控制 仓储 服务质量 仓储成本 机会成本 风险成本,10,仓储|成本|分析|与|控制|包括|以下|方面|：| |存储|成本|分析|与|控制|；|装卸搬运作业成本分析|与|控制|；|备货|作业|成本|分析|与|控制|；|人工费用|的|分析|与|控制|；|包装|作业|成本|分析|与|控制|；|机具|物料|和|燃料|的|成本|控制|；|提高|仓储|服务|质量|，|降低|仓储|成本|；|降低|机会|成本|和|风险|成本|。,vn|n|vn|c|vn|v|f|n|w|w|vn|n|vn|c|vn|w|nz|c|vn|w|vn|vn|n|vn|c|vn|w|nz|u|vn|c|vn|w|n|vn|n|vn|c|vn|w|n|n|c|n|u|n|vn|w|v|vn|vn|n|w|v|vn|n|w|v|n|n|c|n|n|w,存储| |装卸|搬运|作业| |备货|作业|成本| |人工费用| |包装|作业|成本| |机具|物料| |燃料| |成本|控制| |仓储| |服务|质量| |仓储|成本| |机会|成本| |风险|成本,vn|w|v|vn|n|w|vn|vn|n|w|nz|w|vn|vn|n|w|n|n|w|n|w|n|vn|w|vn|w|vn|n|w|vn|n|w|n|n|w|n|n
装卸搬运作业成本分析与控制包括：合理选择装卸搬运机具；提高物品装卸搬运的活性化与可运性；利用重力作用，减少能量消耗；合理选择装卸搬运方式；改进装卸搬运作业方法。,装卸搬运机具 物品 装卸搬运 活性化 可运性 重力作用 能量消耗 装卸搬运方式 装卸搬运作业,10,装卸|搬运|作业|成本|分析|与|控制|包括|：|合理|选择|装卸搬运机具|；|提高|物品|装卸|搬运|的|活性化|与|可|运性|；|利用|重力|作用|，|减少|能量|消耗|；|合理|选择|装卸|搬运|方式|；|改进|装卸|搬运|作业|方法|。,v|v|n|n|vn|c|vn|v|w|ad|v|nz|w|v|n|v|v|u|vn|c|v|n|w|v|n|n|w|v|n|vn|w|ad|v|vn|vn|n|w|v|v|v|vn|n|w,装卸|搬运|机具| |物品| |装卸|搬运| |活性化| |可|运性| |重力|作用| |能量|消耗| |装卸|搬运|方式| |装卸|搬运|作业,v|v|n|w|n|w|v|v|w|vn|w|v|n|w|n|n|w|n|vn|w|v|vn|n|w|v|vn|n
备货作业成本分析与控制包括以下内容：合理选择备货作业方式；合理安排仓储空间，降低备货成本；加强货位管理，提高备货作业效率。,备货作业方式 仓储空间 备货成本 货位管理 备货作业效率,10,备货|作业|成本|分析|与|控制|包括|以下|内容|：|合理|选择|备货|作业|方式|；|合理|安排|仓储|空间|，|降低|备货|成本|；|加强|货位管理|，|提高|备货|作业|效率|。,vn|vn|n|vn|c|vn|v|f|n|w|ad|v|vn|vn|n|w|ad|v|vn|n|w|v|vn|n|w|v|nz|w|v|vn|vn|n|w,备货|作业|方式| |仓储|空间| |备货|成本| |货位管理| |备货|作业|效率,vn|vn|n|w|vn|n|w|vn|n|w|nz|w|vn|vn|n
合理选择备货作业方式有：全面分拣、批处理分拣、分区分拣、分组分拣。,全面分拣 批处理分拣 分区分拣 分组分拣,10,合理|选择|备货|作业|方式|有|：|全面|分拣|、|批处理|分拣|、|分区|分拣|、|分组|分拣|。,ad|v|vn|vn|n|v|w|ad|v|w|vn|vn|w|vd|v|w|vd|v|w,全面|分拣| |批处理|分拣| |分区|分拣| |分组|分拣,ad|v|w|vn|vn|w|vd|v|w|vd|v
包装作业成本分析与控制包括以下内容：使用物美价廉的包装材料；包装作业机械化，提高包装效率；采用大包装，尽量使包装简单化，节约包装材料；利用原有包装，加贴新标签。,物美价廉 包装材料 包装作业 机械化 包装效率 大包装 简单化 节约 包装材料 原有包装 新标签,10,包装|作业|成本|分析|与|控制|包括|以下|内容|：|使用|物美价廉|的|包装材料|；|包装|作业|机械化|，|提高|包装|效率|；|采用|大|包装|，|尽量|使|包装|简单化|，|节约|包装材料|；|利用|原有|包装|，|加|贴|新|标签|。,n|vn|n|vn|c|vn|v|f|n|w|v|a|u|n|w|n|vn|vn|w|v|vn|n|w|v|a|n|w|d|v|n|v|w|v|n|w|v|vn|n|w|v|v|a|n|w,物美价廉| |包装材料| |包装|作业| |机械化| |包装|效率| |大|包装| |简单化| |节约| |包装材料| |原有|包装| |新|标签,a|w|n|w|vn|n|w|vn|w|vn|n|w|a|n|w|v|w|v|w|n|w|vn|n|w|a|n
企业资源计划即 ERP (Enterprise Resource Planning)，由美国 Gartner Group 公司于1990年提出。企业资源计划是 MRP II（企业制造资源计划）下一代的制造业系统和资源计划软件。,ERP 美国 1990年 MRP II 制造业系统 资源计划,10,企业|资源|计划|即| |ERP| |(|Enterprise| |Resource| |Planning|)|，|由|美国| |Gartner Group 公司|于|1990年|提出|。|企业|资源|计划|是| |MRP II|（|企业|制造|资源|计划|）|下一代|的|制造业|系统|和|资源|计划|软件|。,n|n|n|v|w|nz|w|w|xc|w|xc|w|xc|w|w|p|LOC|w|ORG|p|TIME|v|w|n|n|n|v|w|nz|w|n|v|n|n|w|n|u|n|n|c|n|n|n|w,ERP| |美国| |1990年| |MRP II| |制造业|系统| |资源|计划,nz|w|LOC|w|TIME|w|nz|w|n|n|w|n|n
MRP(Material Resource Planning)：是一种保证既不出现短缺，也不积压库存的计划方法，是ERP系统的核心功能模块。,不出现 短缺 不积压 库存 计划方法 ERP系统 核心功能,10,MRP|(|Material| |Resource| |Planning|)|：|是|一种|保证|既不|出现|短缺|，|也|不|积压|库存|的|计划|方法|，|是|ERP|系统|的|核心|功能|模块|。,nz|w|xc|w|xc|w|xc|w|w|v|m|vn|d|v|vn|w|d|d|v|n|u|vn|n|w|v|nz|n|u|n|n|n|w,不|出现| |短缺| |不|积压| |库存| |计划|方法| |ERP|系统| |核心|功能,d|v|w|v|w|d|v|w|n|w|vn|n|w|nz|n|w|n|n
MRP包含几个要素：原料、生产、销售、产品结构。 ,原料 生产 销售 产品结构,10,MRP|包含|几个|要素|：|原料|、|生产|、|销售|、|产品结构|。| ,nz|v|m|n|w|n|w|vn|w|vn|w|n|w|w,原料| |生产| |销售| |产品结构,n|w|vn|w|vn|w|n
运输管理系统，英文缩写“TMS”，是一种“供应链”分组下的（基于网络的）操作软件。它能通过多种方法和其他相关的操作一起提高物流的管理能力；,TMS 供应链 基于网络 操作软件 方法 其他相关 操作 物流 管理能力,10,运输|管理|系统|，|英文|缩写|“|TMS|”|，|是|一种|“|供应链|”|分组|下|的|（|基于|网络|的|）|操作|软件|。|它|能|通过|多种|方法|和|其他|相关|的|操作|一起|提高|物流|的|管理|能力|；,vn|vn|n|w|nz|n|w|nz|w|w|v|m|w|n|w|vn|f|u|w|p|n|u|w|vn|n|w|r|v|p|m|n|c|r|v|u|vn|d|v|n|u|vn|n|w,TMS| |供应链| |基于|网络| |操作|软件| |方法| |其他|相关| |操作| |物流| |管理|能力,nz|w|n|w|p|n|w|vn|n|w|n|w|r|v|w|vn|w|n|w|vn|n
TMS的功能模块：调度管理、车辆管理、配件管理、油耗管理、费用结算、人员管理、资源管理、财务核算、绩效考核、车辆跟踪、业务跟踪、业务统计、白卡管理、监控中心系统、账单查询等,调度管理 车辆管理 配件管理 油耗管理 费用结算 人员管理 资源管理 财务核算 绩效考核 车辆跟踪 业务跟踪 业务统计 白卡管理 监控中心系统 账单查询,10,TMS|的|功能|模块|：|调度|管理|、|车辆|管理|、|配件|管理|、|油耗|管理|、|费用|结算|、|人员|管理|、|资源|管理|、|财务|核算|、|绩效|考核|、|车辆|跟踪|、|业务|跟踪|、|业务|统计|、|白卡|管理|、|监控|中心|系统|、|账单|查询|等,nz|u|n|n|w|vn|vn|w|n|vn|w|n|vn|w|n|vn|w|n|vn|w|n|vn|w|n|vn|w|n|vn|w|n|vn|w|n|v|w|n|v|w|n|vn|w|n|vn|w|vn|n|n|w|n|vn|u,调度|管理| |车辆|管理| |配件|管理| |油耗|管理| |费用|结算| |人员|管理| |资源|管理| |财务|核算| |绩效|考核| |车辆|跟踪| |业务|跟踪| |业务|统计| |白卡|管理| |监控|中心|系统| |账单|查询,vn|vn|w|n|vn|w|n|vn|w|n|vn|w|n|vn|w|n|vn|w|n|vn|w|n|vn|w|n|vn|w|n|v|w|n|v|w|n|vn|w|n|vn|w|vn|n|n|w|n|v
ERP的功能模块：供应链管理、销售与市场、分销、客户服务、财务管理、制造管理、库存管理、工厂与设备维护、人力资源、报表、制造执行系统、工作流服务和企业信息系统等。此外，还包括金融投资管理、质量管理、运输管理、项目管理、法规与标准和过程控制等补充功能。,供应链管理 销售与市场 分销 客户服务 财务管理 制造管理 库存管理 工厂设备维护 人力资源 报表 制造执行系统 工作流服务 企业信息系统 金融投资管理 质量管理 运输管理 项目管理 法规与标准 过程控制,10,ERP|的|功能|模块|：|供应链|管理|、|销售|与|市场|、|分销|、|客户|服务|、|财务|管理|、|制造|管理|、|库存|管理|、|工厂|与|设备|维护|、|人力资源|、|报表|、|制造|执行|系统|、|工作流|服务|和|企业|信息系统|等|。|此外|，|还|包括|金融|投资|管理|、|质量|管理|、|运输|管理|、|项目|管理|、|法规|与|标准|和|过程|控制|等|补充|功能|。,nz|u|n|n|w|n|vn|w|vn|c|n|w|vn|w|n|vn|w|n|vn|w|vn|vn|w|vn|vn|w|n|c|n|vn|w|n|w|n|w|v|vn|n|w|n|vn|c|n|n|u|w|c|w|d|v|n|vn|vn|w|n|vn|w|vn|vn|w|n|vn|w|n|c|n|c|n|vn|u|vn|n|w,供应链|管理| |销售|与|市场| |分销| |客户|服务| |财务|管理| |制造|管理| |库存|管理| |工厂|设备|维护| |人力资源| |报表| |制造|执行|系统| |工作流|服务| |企业|信息系统| |金融|投资|管理| |质量|管理| |运输|管理| |项目|管理| |法规|与|标准| |过程|控制,n|vn|w|vn|c|n|w|vn|w|n|vn|w|n|vn|w|vn|vn|w|vn|vn|w|n|n|vn|w|n|w|n|w|v|vn|n|w|n|vn|w|n|n|w|n|vn|vn|w|n|vn|w|vn|vn|w|n|vn|w|n|c|n|w|n|vn
入库作业管理包括：收货；组盘和注册；上架,收货 组盘 注册 上架,10,入库|作业|管理|包括|：|收|货|；|组盘|和|注册|；|上架,vn|vn|vn|v|w|v|n|w|nz|c|vn|w|v,收|货| |组盘| |注册| |上架,v|n|w|n|w|vn|w|v
WCS 是仓库控制系统(Warehouse Control System) 的缩写。WCS是介于WMS系统和PLC系统之间的一层管理控制系统。,仓库控制系统 WMS系统 PLC系统 管理控制系统,10,WCS| |是|仓库|控制系统|(|Ware|house| |Control| |System|)| |的|缩写|。|WCS|是|介于|WMS|系统|和|PLC|系统|之间|的|一层|管理|控制系统|。,nz|w|v|n|n|w|xc|xc|w|xc|w|xc|w|w|u|vn|w|nz|v|v|nz|n|c|nz|n|f|u|m|vn|n|w,仓库|控制系统| |WMS|系统| |PLC|系统| |管理|控制系统,n|n|w|nz|n|w|nz|n|w|vn|n
出库作业管理包括：波次运算；补货；拣选；复核包装；集货；发货,波次运算 补货 拣选 复核包装 集货 发货,10,出库|作业|管理|包括|：|波|次|运算|；|补货|；|拣选|；|复核|包装|；|集货|；|发货,v|vn|vn|v|w|n|q|vn|w|v|w|v|w|vn|n|w|vn|w|v,波次|运算| |补货| |拣选| |复核|包装| |集货| |发货,nr|v|w|v|w|v|w|vn|n|w|vn|w|v
仓储管理系统中基础数据管理包括以下内容：用户数据；部门数据；货位数据；客户主数据；物流主数据；订单类数据；其他数据,用户 部门 货位 客户主 物流主 订单类 其他,10,仓储|管理|系统|中|基础|数据|管理|包括|以下|内容|：|用户|数据|；|部门|数据|；|货位|数据|；|客户|主|数据|；|物流|主|数据|；|订单|类|数据|；|其他|数据,vn|vn|n|f|n|n|vn|v|f|n|w|n|n|w|n|n|w|n|n|w|n|a|n|w|n|a|n|w|n|n|n|w|r|n,用户| |部门| |货位| |客户|主| |物流|主| |订单|类| |其他,n|w|n|w|n|w|n|n|w|n|n|w|n|n|w|r
条码：是由一组规则排列的条、空及其对应代码组成，是表示商品特定信息的标识。 ,规则排列 条 空 代码 商品 特定信息 标识,10,条码|：|是|由|一组|规则|排列|的|条|、|空|及其|对应|代码|组成|，|是|表示|商品|特定|信息|的|标识|。| ,n|w|v|p|m|n|v|u|n|w|a|c|vn|n|v|w|v|v|n|a|n|u|n|w|w,规则|排列| |条| |空| |代码| |商品| |特定|信息| |标识,n|v|w|n|w|a|w|n|w|n|w|a|n|w|n
条形码的识读原理：根据不同颜色的物体，其反射的可见光的波长不同，光电转换器接收到不同强弱的反射光信号，并转换成相应的电信号并进行放大后输出。,不同颜色 物体 可见光 波长不 光电转换器 反射光信号 电信号 放大 输出,10,条形码|的|识读|原理|：|根据|不同|颜色|的|物体|，|其|反射|的|可见光|的|波长|不同|，|光电转换器|接收|到|不同|强弱|的|反射|光|信号|，|并|转换|成|相应|的|电信|号|并|进行|放大|后|输出|。,n|u|vn|n|w|p|a|n|u|n|w|r|vn|u|n|u|n|a|w|nz|v|v|a|n|u|vn|n|n|w|c|v|v|v|u|n|n|c|v|vn|f|v|w,不同|颜色| |物体| |可见光| |波长|不| |光电转换器| |反射|光|信号| |电信|号| |放大| |输出,a|n|w|n|w|n|w|n|d|w|nz|w|vn|n|n|w|n|n|w|v|w|vn
条码的类别 ：商品条码、物流条码、二维条码。,商品条码 物流条码 二维条码,10,条码|的|类别| |：|商品|条码|、|物流|条码|、|二维|条码|。,n|u|n|w|w|n|n|w|n|n|w|n|n|w,商品|条码| |物流|条码| |二维|条码,n|n|w|n|n|w|m|n
无线射频识别（RFID）是通过一种无线电讯号和微芯片标签识别特定目标并读写相关数据的通讯技术。,无线电讯号 微芯片 标签识别 读写 相关数据 通讯技术,10,无线射频识别|（|RFID|）|是|通过|一种|无线电讯号|和|微芯片|标签|识别|特定|目标|并|读写|相关|数据|的|通讯|技术|。,nz|w|n|w|v|p|m|nz|c|nz|n|v|a|n|c|v|vn|n|u|n|n|w,无线电讯号| |微|芯片| |标签|识别| |读写| |相关|数据| |通讯|技术,nz|w|a|n|w|n|vn|w|v|w|vn|n|w|n|n
RFID的特点：非接触识别，它能穿透雪、雾、冰、涂料、尘垢、高速运动的物体和条形码无法使用的恶劣环境阅读标签，并且阅读速度极快；保密性强。,非接触识别 雪 雾 冰 物体 条形码 恶劣环境 阅读标签 速度快 保密性强,10,RFID|的|特点|：|非|接触|识别|，|它|能|穿透|雪|、|雾|、|冰|、|涂料|、|尘垢|、|高速|运动|的|物体|和|条形码|无法|使用|的|恶劣|环境|阅读|标签|，|并且|阅读|速度|极快|；|保密性|强|。,n|u|n|w|d|v|v|w|r|v|v|n|w|n|w|n|w|n|w|n|w|a|n|u|n|c|n|vd|v|u|a|n|v|n|w|c|vn|n|a|w|n|a|w,非|接触|识别| |雪| |雾| |冰| |物体| |条形码| |恶劣|环境| |阅读|标签| |速度快| |保密性|强,d|v|v|w|n|w|n|w|n|w|n|w|n|w|a|n|w|vn|n|w|a|w|n|a
RFID的组成：标签、阅读器和天线。,标签 阅读器 天线,10,RFID|的|组成|：|标签|、|阅读器|和|天线|。,n|u|vn|w|n|w|n|c|n|w,标签| |阅读器| |天线,n|w|n|w|n
子标签拣选系统（DPS），是以一连串装于货架格位上的电子显示装置(电子标签)取代拣货单，指示应拣取的物品及数量，辅助捡货人员的作业，减少目视寻找的时间。,货架格位 电子显示装置 取代拣货单 物品 数量 捡货人员 减少 寻找时间,10,子|标签|拣选|系统|（|DPS|）|，|是|以|一连串|装|于|货架|格位|上|的|电子|显示|装置|(|电子|标签|)|取代|拣|货单|，|指示|应|拣取|的|物品|及|数量|，|辅助|捡|货|人员|的|作业|，|减少|目视|寻找|的|时间|。,n|n|vn|n|w|nz|w|w|v|p|m|v|p|n|n|f|u|n|vn|n|w|n|n|w|v|v|n|w|n|v|v|u|n|c|n|w|v|v|n|n|u|n|w|v|v|v|u|n|w,货架|格位| |电子|显示|装置| |取代|拣|货单| |物品| |数量| |捡|货|人员| |减少| |寻找|时间,n|n|w|n|vn|n|w|v|v|n|w|n|w|n|w|v|n|n|w|v|w|v|n
DBMS是一种操作和管理数据库的大型软件，可用于建立、使用和维护数据库。物流系统中的库存、货位、入出库记录等重要数据都是通过DBMS管理的。,操作 管理数据库 大型软件 建立 使用 维护数据库 物流系统 库存 货位 入出库记录 重要数据 DBMS管理,10,DBMS|是|一种|操作|和|管理|数据库|的|大型|软件|，|可|用于|建立|、|使用|和|维护|数据库|。|物流|系统|中|的|库存|、|货位|、|入|出库|记录|等|重要|数据|都是|通过|DBMS|管理|的|。,nz|v|m|vn|c|vn|n|u|a|n|w|v|v|v|w|v|c|v|n|w|n|n|f|u|n|w|n|w|v|vn|n|u|a|n|v|p|n|vn|u|w,操作| |管理|数据库| |大型|软件| |建立| |使用| |维护|数据库| |物流|系统| |库存| |货位| |入|出库|记录| |重要|数据| |DBMS|管理,vn|w|vn|n|w|a|n|w|v|w|vn|w|v|n|w|n|n|w|n|w|n|w|v|vn|n|w|a|n|w|nz|vn
配送：是指“在经济合理区域范围内，根据用户的要求，对物品进行拣选、加工、包装、分割、组配等作业，并按时送达指定地点的物流活动,经济合理 用户要求 物品 拣选 加工 包装 分割 组配 送达 指定地点 物流活动,10,配送|：|是|指|“|在|经济|合理|区域|范围|内|，|根据|用户|的|要求|，|对|物品|进行|拣选|、|加工|、|包装|、|分割|、|组配|等|作业|，|并|按时|送达|指定|地点|的|物流|活动,vn|w|v|v|w|p|n|a|n|n|f|w|p|n|u|n|w|p|n|v|vn|w|vn|w|n|w|vn|w|vn|u|n|w|c|d|v|vn|n|u|n|n,经济|合理| |用户|要求| |物品| |拣选| |加工| |包装| |分割| |组配| |送达| |指定|地点| |物流|活动,n|a|w|n|n|w|n|w|v|w|vn|w|n|w|vn|w|vn|w|v|w|vn|n|w|n|n
配送要素：集货、储存、分拣和拣选、配货、配装、配送运输、送达服务。,集货 储存 分拣 拣选 配货 配装 配送运输 送达服务,10,配送|要素|：|集货|、|储存|、|分拣|和|拣选|、|配货|、|配装|、|配送|运输|、|送达|服务|。,vn|n|w|vn|w|vn|w|vn|c|v|w|vn|w|vn|w|vn|vn|w|v|vn|w,集货| |储存| |分拣| |拣选| |配货| |配装| |配送|运输| |送达|服务,vn|w|vn|w|vn|w|v|w|vn|w|vn|w|vn|vn|w|v|vn
集货是指将分散的或小批量的物品集中起来，以便进行运输、配送的作业 。,分散 小批量 物品 集中 运输 配送,10,集货|是|指|将|分散|的|或|小批量|的|物品|集中|起来|，|以便|进行|运输|、|配送|的|作业| |。,vn|v|v|d|v|u|c|n|u|n|v|v|w|d|v|vn|w|v|u|n|w|w,分散| |小批量| |物品| |集中| |运输| |配送,v|w|n|w|n|w|v|w|vn|w|v
配送中的储存有储备及暂存两种形态。 配送储备储备数量较大，储存更加有计划性。暂存，是具体执行日配送时，按分拣配货要求，在理货场地所做的少量储存准备 。,储备 暂存  配送储备 数量大 储存 计划性 暂存 分拣配货 理货场地 少量 储存准备,10,配送|中|的|储存|有|储备|及|暂存|两种|形态|。| |配送|储备|储备|数量|较大|，|储存|更加|有|计划性|。|暂存|，|是|具体|执行|日|配送|时|，|按|分拣|配货|要求|，|在|理货|场地|所|做|的|少量|储存|准备| |。,vn|f|u|vn|v|vn|c|vn|m|n|w|w|v|vn|vn|n|a|w|vn|d|v|n|w|v|w|v|ad|v|n|v|n|w|p|vn|vn|n|w|p|vn|n|u|v|u|m|vn|vn|w|w,储备| |暂存| | |配送|储备| |数量|大| |储存| |计划性| |暂存| |分拣|配货| |理|货|场地| |少量| |储存|准备,vn|w|vn|w|w|v|vn|w|n|a|w|vn|w|n|w|vn|w|vn|vn|w|v|n|n|w|m|w|vn|vn
分拣是将物品按品种、出入库先后顺序进行分门别类堆放的作业。,物品 品种 出入库 先后顺序 分门别类 堆放,10,分拣|是|将|物品|按|品种|、|出|入库|先后|顺序|进行|分门别类|堆放|的|作业|。,vn|v|p|n|p|n|w|v|v|d|n|v|vn|v|u|n|w,物品| |品种| |出|入库| |先后|顺序| |分门别类| |堆放,n|w|n|w|v|vn|w|d|n|w|v|w|v
拣选是按订单或出库单的要求，从储存场所选出物品，并放置指定地点的作业,订单 出库单 储存场 物品 指定地点,10,拣选|是|按|订单|或|出库单|的|要求|，|从|储存|场所|选出|物品|，|并|放置|指定|地点|的|作业,vn|v|p|n|c|n|u|n|w|p|vn|n|v|n|w|c|v|vn|n|u|n,订单| |出库单| |储存场| |物品| |指定|地点,n|w|nz|w|n|w|n|w|vn|n
配货是使用各种拣选设备和传输装置，将存放的物品，按客户要求分拣出来，配备齐全，送入指定发货地点。,拣选设备 传输装置 物品 分拣 配备齐全 指定发货地,10,配货|是|使用|各种|拣选|设备|和|传输|装置|，|将|存放|的|物品|，|按|客户|要求|分拣|出来|，|配备|齐全|，|送入|指定|发货|地点|。,vn|v|v|r|vn|n|c|vn|n|w|d|v|u|n|w|p|n|n|v|v|w|v|a|w|v|vn|vn|n|w,拣选|设备| |传输|装置| |物品| |分拣| |配备|齐全| |指定|发货|地,vn|n|w|vn|n|w|n|w|vn|w|v|a|w|v|v|u
在单个客户配送数量不能达到车辆的有效运载负荷时，就存在如何集中不同客户的配送货物，进行搭配装载以充分利用运能、运力的问题，这就需要配装。,单个客户 配送数量 运载负荷 配送货物 搭配装载 运能 运力 配装,10,在|单个|客户|配送|数量|不能|达到|车辆|的|有效|运载|负荷|时|，|就|存在|如何|集中|不同|客户|的|配送|货物|，|进行|搭配|装载|以|充分利用|运能|、|运力|的|问题|，|这|就|需要|配装|。,p|a|n|v|n|v|v|n|u|a|vn|n|n|w|d|v|r|v|a|n|u|vn|n|w|v|vn|vn|p|v|n|w|n|u|n|w|r|d|v|v|w,单个|客户| |配送|数量| |运载|负荷| |配送|货物| |搭配|装载| |运能| |运力| |配装,a|n|w|vn|n|w|vn|n|w|vn|n|w|v|v|w|n|w|n|w|v
配送运输是较短距离、较小规模、额度较高的运输形式，一般使用汽车做运输工具。,较短距离 较小规模 额度较高 运输形式 汽车,10,配送|运输|是|较|短|距离|、|较小|规模|、|额度|较高|的|运输|形式|，|一般|使用|汽车|做|运输工具|。,v|vn|v|d|a|n|w|a|n|w|n|a|u|vn|n|w|ad|v|n|v|n|w,较|短|距离| |较小|规模| |额度|较高| |运输|形式| |汽车,d|a|n|w|a|n|w|n|a|w|vn|n|w|n
如何组合成最佳路线，如何使配装和路线有效搭配等，是配送运输的特点，也是难度较大的工作。,最佳路线 配装 路线 有效搭配,10,如何|组合|成|最佳|路线|，|如何|使|配装|和|路线|有效|搭配|等|，|是|配送|运输|的|特点|，|也是|难度|较大|的|工作|。,r|v|v|a|n|w|r|v|vn|c|n|a|vn|u|w|v|v|vn|u|n|w|v|n|a|u|n|w,最佳|路线| |配装| |路线| |有效|搭配,a|n|w|vn|w|n|w|ad|v
配送作业活动是以客户发出的订货信息（即订单）作为配送作业的驱动源的。,客户 订货信息 配送作业 驱动源,10,配送|作业|活动|是|以|客户|发出|的|订货|信息|（|即|订单|）|作为|配送|作业|的|驱动源|的|。,v|vn|n|v|p|n|v|u|vn|n|w|v|n|w|v|vn|n|u|n|u|w,客户| |订货|信息| |配送|作业| |驱动|源,n|w|vn|n|w|vn|n|w|vn|n
顾客订单是配送服务的第一个环节，也是配送服务质量得以保证的基础。,配送服务 第一个环节 配送服务质量 基础,10,顾客|订单|是|配送|服务|的|第一个|环节|，|也是|配送|服务|质量|得以|保证|的|基础|。,n|n|v|vn|vn|u|m|n|w|v|vn|vn|n|v|v|u|n|w,配送|服务| |第一个|环节| |配送|服务|质量| |基础,vn|vn|w|m|n|w|vn|vn|n|w|n
订单是配送中心开展配送业务的依据，配送中心接到客户订单以后需要对订单加以处理，据以安排分拣、补货、配货、送货等作业环节。,配送中心 配送业务 客户订单 订单 分拣 补货 配货 送货,10,订单|是|配送|中心|开展|配送|业务|的|依据|，|配送|中心|接到|客户|订单|以后|需要|对|订单|加以|处理|，|据|以|安排|分拣|、|补货|、|配货|、|送货|等|作业|环节|。,n|v|vn|n|v|vn|n|u|n|w|vn|n|v|n|n|f|v|p|n|v|vn|w|p|p|v|vn|w|v|w|vn|w|vn|u|vn|n|w,配送|中心| |配送|业务| |客户|订单| |订单| |分拣| |补货| |配货| |送货,vn|n|w|vn|n|w|n|n|w|n|w|vn|w|v|w|vn|w|vn
拣货作业：依据顾客的订货要求或配送中心的送货计划，迅速、准确地将商品向从其储位或其他区域拣取出来，并按一定的方式进行分类、集中，等待配装送货的作业过程。,订货要求 配送中心 送货计划 商品 储位 拣取 分类 集中 配装送货,10,拣货|作业|：|依据|顾客|的|订货|要求|或|配送|中心|的|送货|计划|，|迅速|、|准确地|将|商品|向|从|其|储位|或|其他|区域|拣|取|出来|，|并|按|一定|的|方式|进行|分类|、|集中|，|等待|配装|送货|的|作业|过程|。,vn|vn|w|p|n|u|vn|n|c|vn|n|u|vn|n|w|a|w|d|p|n|p|p|r|n|c|r|n|v|v|v|w|c|p|a|u|n|v|vn|w|v|w|v|v|vn|u|vn|n|w,订货|要求| |配送|中心| |送货|计划| |商品| |储位| |拣取| |分类| |集中| |配装|送货,vn|n|w|vn|n|w|vn|n|w|n|w|vn|w|v|w|vn|w|v|w|v|vn
配送中心：为了顺利、有序、方便地向客户发送商品，对组织来的各种货物进行整理，并依据订单要求进行组合的过程。,顺利 有序 方便 商品 货物 整理 订单 组合,10,配送|中心|：|为了|顺利|、|有序|、|方便|地|向|客户|发送|商品|，|对|组织|来|的|各种|货物|进行|整理|，|并|依据|订单|要求|进行|组合|的|过程|。,vn|n|w|p|an|w|an|w|a|u|p|n|v|n|w|p|n|v|u|r|n|v|vn|w|c|p|n|n|v|vn|u|n|w,顺利| |有序| |方便| |商品| |货物| |整理| |订单| |组合,a|w|an|w|a|w|n|w|n|w|vn|w|n|w|vn
配货：使用各种拣选设备和传输装置，将存放的货物，按客户的要求分拣出来，配备齐全，送入指定发货区。,拣选设备 传输装置 货物 分拣 配备 指定发货区,10,配货|：|使用|各种|拣选|设备|和|传输|装置|，|将|存放|的|货物|，|按|客户|的|要求|分拣|出来|，|配备|齐全|，|送入|指定|发货|区|。,vn|w|v|r|vn|n|c|vn|n|w|d|v|u|n|w|p|n|u|n|v|v|w|v|a|w|v|vn|vn|n|w,拣选|设备| |传输|装置| |货物| |分拣| |配备| |指定|发货|区,vn|n|w|vn|n|w|n|w|vn|w|vn|w|vn|vn|n
配装：在单个客户配送数量不能达到车辆的有效运载负荷时，就存在如何集中不同客户的配送货物，进行搭配装载以充分利用运能、运力的问题。,单个客户 配送数量 运载负荷 配送货物 搭配装载 运能 运力,10,配装|：|在|单个|客户|配送|数量|不能|达到|车辆|的|有效|运载|负荷|时|，|就|存在|如何|集中|不同|客户|的|配送|货物|，|进行|搭配|装载|以|充分利用|运能|、|运力|的|问题|。,vn|w|p|a|n|v|n|v|v|n|u|a|vn|n|n|w|d|v|r|v|a|n|u|vn|n|w|v|vn|vn|p|v|n|w|n|u|n|w,单个|客户| |配送|数量| |运载|负荷| |配送|货物| |搭配|装载| |运能| |运力,a|n|w|vn|n|w|vn|n|w|vn|n|w|v|v|w|n|w|n
送货作业：包含将货物装车并实际配送。需要事先规划配送区域的划分或配送线路的安排，由配送路线选用的先后次序来决定商品装车顺序，并在商品配送途中进行商品跟踪、控制。,货物装车 实际配送 配送区域 配送线路 先后次序 商品 装车顺序 配送途中 商品 跟踪 控制,10,送货|作业|：|包含|将|货物|装车|并|实际|配送|。|需要|事先|规划|配送|区域|的|划分|或|配送|线路|的|安排|，|由|配送|路线|选用|的|先后|次序|来|决定|商品|装车|顺序|，|并|在|商品|配送|途中|进行|商品|跟踪|、|控制|。,vn|vn|w|v|p|n|v|c|ad|v|w|v|d|v|v|n|u|vn|c|v|n|u|vn|w|p|vn|n|v|u|n|n|v|v|n|vn|n|w|c|p|n|v|s|v|n|vn|w|v|w,货物|装车| |实际|配送| |配送|区域| |配送|线路| |先后|次序| |商品| |装车|顺序| |配送|途中| |商品| |跟踪| |控制,n|v|w|ad|v|w|vn|n|w|vn|n|w|d|n|w|n|w|vn|n|w|vn|s|w|n|w|vn|w|v
流通加工：物品在从生产领域向消费领域流动的过程中，流通主体（即流通当事人）为了完善流通服务功能，促进销售、维护产品质量和提高物流效率而开展的一项活动。,物品 生产领域 消费领域 流通主体 流通服务 销售 产品质量 物流效率,10,流通|加工|：|物品|在|从|生产|领域|向|消费|领域|流动|的|过程|中|，|流通|主体|（|即|流通|当事人|）|为了|完善|流通服务|功能|，|促进|销售|、|维护|产品|质量|和|提高|物流|效率|而|开展|的|一项|活动|。,vn|vn|w|n|p|p|vn|n|p|vn|n|v|u|n|f|w|vn|n|w|v|vn|n|w|p|v|vn|n|w|v|vn|w|v|n|n|c|v|n|n|c|v|u|m|n|w,物品| |生产|领域| |消费|领域| |流通|主体| |流通服务| |销售| |产品|质量| |物流|效率,n|w|vn|n|w|vn|n|w|vn|n|w|vn|w|vn|w|n|n|w|n|n
进货：配送中心根据客户的需要，为配送业务的顺利实施，而从事的组织商品货源和进行商品存储的一系列活动。进货是配送的准备工作或基础工作，它是配送的基础环节，又是决定配送成败与否、规模大小的最基础环节。同时，也是决定配送效益高低的关键环节。,配送中心 客户需要 配送业务 商品货源 商品存储 进货 配送 基础环节 配送成败 配送效益,10,进货|：|配送|中心|根据|客户|的|需要|，|为|配送|业务|的|顺利|实施|，|而|从事|的|组织|商品|货源|和|进行|商品|存储|的|一系列|活动|。|进货|是|配送|的|准备|工作|或|基础|工作|，|它|是|配送|的|基础|环节|，|又|是|决定|配送|成败|与否|、|规模|大小|的|最|基础|环节|。|同时|，|也是|决定|配送|效益|高低|的|关键|环节|。,vn|w|vn|n|p|n|u|n|w|p|vn|n|u|a|vn|w|c|v|u|vn|n|n|c|v|n|vn|u|a|n|w|vn|v|v|u|vn|n|c|n|n|w|r|v|v|u|n|n|w|d|v|v|vn|n|d|w|n|n|u|d|n|n|w|c|w|v|v|vn|n|n|u|a|n|w,配送|中心| |客户|需要| |配送|业务| |商品|货源| |商品|存储| |进货| |配送| |基础|环节| |配送|成败| |配送|效益,vn|n|w|n|n|w|vn|n|w|n|n|w|n|vn|w|vn|w|vn|w|n|n|w|vn|n|w|vn|n
配送作业流程：顾客下单；订单处理；拣货；配货；配装；配送；流通加工；进货；,顾客下单 订单处理 拣货 配货 配装 配送 流通加工 进货,10,配送|作业|流程|：|顾客|下单|；|订单|处理|；|拣货|；|配货|；|配装|；|配送|；|流通|加工|；|进货|；,vn|vn|n|w|n|v|w|n|vn|w|vn|w|vn|w|v|w|v|w|vn|vn|w|vn|w,顾客|下单| |订单|处理| |拣货| |配货| |配装| |配送| |流通|加工| |进货,n|v|w|n|vn|w|vn|w|vn|w|vn|w|vn|w|vn|vn|w|vn
配送模式：自营配送模式；共同配送模式；第三方配送。,自营配送模式 共同配送模式 第三方配送,10,配送|模式|：|自营|配送|模式|；|共同|配送|模式|；|第三方|配送|。,vn|n|w|vn|vn|n|w|ad|v|n|w|n|v|w,自营|配送|模式| |共同|配送|模式| |第三方|配送,vn|vn|n|w|ad|v|n|w|n|v
常见的组织结构形式：直线制；职能制；直线职能制；矩阵制。,直线制 职能制 直线职能制 矩阵制,10,常见|的|组织结构|形式|：|直线制|；|职能制|；|直线职能制|；|矩阵制|。,a|u|n|n|w|nz|w|n|w|nz|w|nz|w,直线制| |职能制| |直线职能制| |矩阵制,nz|w|n|w|nz|w|nz
直线制的优缺点：优点——结构简单、权力集中、责任分明、命令统一、联系简捷；缺点——管理职能集中由一人承担，容易发生较大失误；部门间协调差 。,结构简单 权力集中 责任分明 命令统一 联系简捷 管理职能集中 部门协调差,10,直线制|的|优缺点|：|优点|—|—|结构|简单|、|权力|集中|、|责任|分明|、|命令|统一|、|联系|简捷|；|缺点|—|—|管理|职能|集中|由|一人|承担|，|容易|发生|较大|失误|；|部门|间|协调|差| |。,nz|u|n|w|n|w|w|n|a|w|n|v|w|n|a|w|v|a|w|v|a|w|n|w|w|vn|n|v|p|n|v|w|ad|v|a|n|w|n|f|v|a|w|w,结构|简单| |权力|集中| |责任|分明| |命令|统一| |联系|简捷| |管理|职能|集中| |部门|协调|差,n|a|w|n|v|w|n|a|w|v|a|w|v|a|w|vn|n|v|w|n|v|a
直线职能制的优缺点：优点——命令统一，职责明确，专业化管理程度较高，组织稳定。它既保证了管理体系的集中统一，又可以在各级行政负责人的领导下，充分发挥各专业管理机构的作用；缺点——职能部门之间缺乏交流、协作和配合，职能部门与行政负责人之间容易产生摩擦，组织系统的灵敏度较低，下级的许多工作要直接向上层领导报告请示才能处理，常常造成企业运作效率低下。,命令统一 职责明确 管理程度较高 组织稳定 缺乏交流 协作配合 易产生摩擦 灵敏度较低 运作效率低,10,直线职能制|的|优缺点|：|优点|—|—|命令|统一|，|职责|明确|，|专业化|管理|程度|较高|，|组织|稳定|。|它|既|保证|了|管理|体系|的|集中|统一|，|又|可以|在|各级|行政|负责人|的|领导|下|，|充分|发挥|各|专业|管理机构|的|作用|；|缺点|—|—|职能|部门|之间|缺乏|交流|、|协作|和|配合|，|职能|部门|与|行政|负责人|之间|容易|产生|摩擦|，|组织|系统|的|灵敏度|较|低|，|下级|的|许多|工作|要|直接|向|上层|领导|报告|请示|才能|处理|，|常常|造成|企业|运作|效率|低下|。,nz|u|n|w|n|w|w|v|vn|w|n|a|w|vn|vn|n|a|w|v|an|w|r|c|v|u|vn|n|u|a|a|w|d|v|p|r|n|n|u|vn|f|w|ad|v|r|n|n|u|n|w|n|w|w|n|n|f|v|vn|w|vn|c|vn|w|n|n|p|n|n|f|ad|v|vn|w|n|n|u|n|d|a|w|n|u|m|n|v|ad|p|n|n|n|v|v|v|w|d|v|n|vn|n|a|w,命令|统一| |职责|明确| |管理|程度|较高| |组织|稳定| |缺乏|交流| |协作|配合| |易|产生|摩擦| |灵敏度|较|低| |运作|效率|低,n|a|w|n|a|w|vn|n|a|w|v|an|w|v|vn|w|vn|vn|w|ad|v|vn|w|n|d|a|w|vn|n|a
矩阵制优点：打破单向领导，加强了管理部门间的联系和配合，有利于信息沟通和共同决策，提高工作的效率；把不同的专业人员组织在一起，有利于激发人们的积极性和创造性，提高技术水平和管理水平；把完成任务所需的各种专业知识和经验集中在一起，提高了管理组织的机动性和灵活性。,单向领导 加强配合 提高效率 积极性 创造性 管理水平 机动性 灵活性,10,矩阵|制|优点|：|打破|单向|领导|，|加强|了|管理|部门|间|的|联系|和|配合|，|有利于|信息沟通|和|共同|决策|，|提高|工作|的|效率|；|把|不同|的|专业|人员|组织|在一起|，|有利于|激发|人们|的|积极性|和|创造性|，|提高|技术|水平|和|管理|水平|；|把|完成|任务|所需|的|各种|专业|知识|和|经验|集中|在一起|，|提高|了|管理|组织|的|机动性|和|灵活性|。,n|v|n|w|v|a|n|w|v|u|vn|n|f|u|vn|c|vn|w|v|vn|c|a|n|w|v|n|u|n|w|p|a|u|a|n|v|v|w|v|v|n|u|n|c|n|w|v|n|n|c|vn|n|w|p|v|n|v|u|r|n|n|c|n|v|v|w|v|u|vn|n|u|n|c|n|w,单向|领导| |加强|配合| |提高|效率| |积极性| |创造性| |管理|水平| |机动性| |灵活性,a|n|w|v|vn|w|v|n|w|n|w|n|w|vn|n|w|n|w|n
矩阵制缺点：组织成员不是固定的，易产生临时的观念，对工作有一定的影响；双重领导，难免发生矛盾，也不易分清责任。,成员不固定 临时观念 双重领导 不易分清责任,10,矩阵|制|缺点|：|组织|成员|不是|固定|的|，|易|产生|临时|的|观念|，|对|工作|有|一定|的|影响|；|双重|领导|，|难免|发生|矛盾|，|也|不易|分|清|责任|。,n|v|n|w|v|n|v|a|u|w|ad|v|a|u|n|w|p|n|v|a|u|vn|w|a|n|w|d|v|n|w|d|ad|v|a|n|w,成员|不|固定| |临时|观念| |双重|领导| |不易|分|清|责任,n|d|a|w|a|n|w|a|n|w|ad|v|a|n
268.订单处理是指：从接到客户订单开始到着手准备拣货之间的作业阶段。通常包括订单确认、存货查询、单据处理等内容。,客户订单 拣货 作业阶段 订单确认 存货查询 单据处理,10,268|.|订单|处理|是|指|：|从|接到|客户|订单|开始|到|着手|准备|拣货|之间|的|作业|阶段|。|通常|包括|订单|确认|、|存货|查询|、|单据|处理|等|内容|。,m|w|n|vn|v|v|w|p|v|n|n|v|v|v|v|vn|f|u|vn|n|w|d|v|n|v|w|n|vn|w|n|vn|u|n|w,客户|订单| |拣货| |作业|阶段| |订单|确认| |存货|查询| |单据|处理,n|n|w|vn|w|vn|n|w|n|v|w|n|vn|w|n|v
订单处理作业所面临的问题：在零售商的订单处理方面——如何简化订货作业；如何提高订货资料；正确性如何快速下单。在配送中心的订单处理方面——如何简化接单作业；如何处理量多繁杂的订货资料；如何掌握订单进度。,零售商 订货作业 订货资料 快速下单 配送中心 接单作业 订货资料 订单进度,10,订单|处理|作业|所|面临|的|问题|：|在|零售商|的|订单|处理|方面|—|—|如何|简化|订货|作业|；|如何|提高|订货|资料|；|正确性|如何|快速|下单|。|在|配送|中心|的|订单|处理|方面|—|—|如何|简化|接单|作业|；|如何|处理|量|多|繁杂|的|订货|资料|；|如何|掌握|订单|进度|。,n|vn|n|u|v|u|n|w|p|n|u|n|vn|n|w|w|r|v|vn|n|w|r|v|vn|n|w|n|r|ad|v|w|p|vn|n|u|n|vn|n|w|w|r|v|vn|n|w|r|v|n|d|a|u|vn|n|w|r|v|n|n|w,零售商| |订货|作业| |订货|资料| |快速|下单| |配送|中心| |接单|作业| |订货|资料| |订单|进度,n|w|vn|n|w|vn|n|w|ad|v|w|vn|n|w|vn|n|w|vn|n|w|n|n
订单处理的方式：人工处理；计算机处理。,人工处理 计算机处理,10,订单|处理|的|方式|：|人工|处理|；|计算机|处理|。,n|v|u|n|w|n|v|w|n|v|w,人工处理| |计算机|处理,vn|w|n|vn
订单处理的主要内容：订单内容确认；订单接收；订单资料输出 ；存货查询及依订单分配存货 。,订单内容确认 订单接收 订单资料输出 存货查询 订单分配存货,10,订单|处理|的|主要|内容|：|订单|内容|确认|；|订单|接收|；|订单|资料|输出| |；|存货|查询|及|依|订单|分配|存货| |。,n|vn|u|a|n|w|n|n|v|w|n|v|w|n|n|vn|w|w|n|vn|c|p|n|v|n|w|w,订单|内容|确认| |订单|接收| |订单|资料|输出| |存货|查询| |订单|分配|存货,n|n|v|w|n|v|w|n|n|vn|w|n|vn|w|n|v|n
订单类型：一般交易订单；兑换券交易订单；现销式交易订单；间接交易订单；合约式交易订单；寄库式交易订单。,一般 兑换券 现销式 间接 合约式 寄库式,10,订单|类型|：|一般|交易|订单|；|兑换券交易|订单|；|现销式|交易|订单|；|间接|交易|订单|；|合约式|交易|订单|；|寄|库式|交易|订单|。,n|n|w|a|n|n|w|nz|n|w|a|vn|n|w|d|v|n|w|a|vn|n|w|v|a|vn|n|w,一般| |兑换券| |现销式| |间接| |合约式| |寄|库式,a|w|n|w|a|w|a|w|a|w|v|n
订单处理的基本原则：要使客户产生信赖感；尽量缩短订货周期；提供紧急订货 ；减少缺货现象；不忽略小客户；装配力求完整；提供对客户有利的包装；要随时提供订单处理的情况。,信赖感 订货周期 紧急订货  缺货现象 小客户 装配 包装 订单处理,10,订单|处理|的|基本原则|：|要|使|客户|产生|信赖感|；|尽量|缩短|订货|周期|；|提供|紧急|订货| |；|减少|缺货|现象|；|不|忽略|小|客户|；|装配力|求|完整|；|提供|对|客户|有利|的|包装|；|要|随时|提供|订单|处理|的|情况|。,n|vn|u|n|w|v|v|n|v|n|w|d|v|vn|n|w|v|a|vn|w|w|v|vn|n|w|d|v|a|n|w|n|v|an|w|v|p|n|a|u|n|w|v|d|v|n|v|u|n|w,信赖感| |订货|周期| |紧急|订货| | |缺货|现象| |小|客户| |装配| |包装| |订单|处理,n|w|vn|n|w|ad|v|w|w|vn|n|w|a|n|w|vn|w|n|w|n|vn
订单处理的基本流程：订单准备；订单传输；订单录入；订单履行；订单跟踪。,订单准备 订单传输 订单录入 订单履行 订单跟踪,10,订单|处理|的|基本|流程|：|订单|准备|；|订单|传输|；|订单|录入|；|订单|履行|；|订单|跟踪|。,n|vn|u|a|n|w|n|v|w|n|vn|w|n|v|w|n|v|w|n|v|w,订单|准备| |订单|传输| |订单|录入| |订单|履行| |订单|跟踪,n|v|w|n|vn|w|n|v|w|n|v|w|n|v
分拣作业就是将用户所订的货物从储存保管处取出，按用户分类、集中、处理、放置。,用户 货物 储存保管处 分类 集中 处理 放置,10,分拣|作业|就是|将|用户|所|订|的|货物|从|储存|保管处|取出|，|按|用户|分类|、|集中|、|处理|、|放置|。,vn|n|v|p|n|u|v|u|n|p|vn|n|v|w|p|n|vn|w|v|w|vn|w|v|w,用户| |货物| |储存|保管处| |分类| |集中| |处理| |放置,n|w|n|w|vn|n|w|vn|w|a|w|vn|w|v
拣货依据：依据拣货信息，拣货信息包括多种形式，最常见的就是拣货单。,拣货信息 拣货单,10,拣货|依据|：|依据|拣货|信息|，|拣货|信息|包括|多种形式|，|最|常见|的|就是|拣|货单|。,vn|n|w|n|vn|n|w|vn|n|v|n|w|d|a|u|v|v|n|w,拣货|信息| |拣|货单,vn|n|w|v|n
拣货目的：正确且迅速地集合客户所订购的货品。,正确 迅速 集合 客户 订购货品,10,拣货|目的|：|正确|且|迅速|地|集合|客户|所|订购|的|货品|。,vn|n|w|a|c|a|u|v|n|u|v|u|n|w,正确| |迅速| |集合| |客户| |订购|货品,a|w|a|w|v|w|n|w|v|n
分拣是使配送不同于一般形式的送货以及其他物流形式的重要支持性工作，是配送中心作业系统的核心。,配送 送货 其他物流形式 配送中心 作业系统 核心,10,分拣|是|使配|送不同于|一般|形式|的|送货|以及|其他|物流|形式|的|重要|支持性|工作|，|是|配送|中心|作业|系统|的|核心|。,vn|v|v|v|a|n|u|vn|c|r|n|n|u|a|n|n|w|v|vn|n|vn|n|u|n|w,配送| |送货| |其他|物流|形式| |配送|中心| |作业|系统| |核心,v|w|vn|w|r|n|n|w|vn|n|w|vn|n|w|n
拣货作业过程，由生成拣货资料、行走或搬运、拣取和分类与集中几个环节组成。,生成拣货资料 行走搬运 拣取 分类 集中,10,拣货|作业|过程|，|由|生成|拣货|资料|、|行走|或|搬运|、|拣取|和|分类|与|集中|几个|环节|组成|。,vn|vn|n|w|p|v|vn|n|w|v|c|v|w|v|c|vn|c|v|m|n|v|w,生成|拣货|资料| |行走|搬运| |拣取| |分类| |集中,v|vn|n|w|v|v|w|v|w|vn|w|v
分拣作业目的在于正确且迅速地集合顾客所订购的商品。,正确 迅速 集合 顾客 订购商品,10,分拣|作业|目的|在于|正确|且|迅速|地|集合|顾客|所|订购|的|商品|。,vn|vn|n|v|a|c|a|u|v|n|u|v|u|n|w,正确| |迅速| |集合| |顾客| |订购|商品,a|w|a|w|v|w|n|w|v|n
拣货单位是指拣货作业中拣取货物的包装单位。订货单位合理化主要是避免过小单位出现在订单中，减少作业量与误差，如订货的最小单位是箱，则不要以单品为拣货单位。  ,拣货作业 拣取货物 包装单位 订货单位 过小单位 作业量 误差 最小单位 箱 单品 拣货单位,10,拣货|单位|是|指|拣货|作业|中|拣取|货物|的|包装|单位|。|订货|单位|合理化|主要|是|避免|过|小|单位|出现|在|订单|中|，|减少|作业量|与|误差|，|如|订货|的|最小|单位|是|箱|，|则|不要|以|单品|为|拣货|单位|。| | ,vn|n|v|v|vn|vn|f|v|n|u|vn|n|w|vn|n|vn|ad|v|v|u|a|n|v|p|n|f|w|v|n|c|n|w|v|v|u|a|n|v|n|w|c|v|p|n|v|vn|n|w|w|w,拣货|作业| |拣取|货物| |包装|单位| |订货|单位| |过小|单位| |作业量| |误差| |最小|单位| |箱| |单品| |拣货|单位,vn|n|w|v|n|w|vn|n|w|vn|n|w|a|n|w|n|w|n|w|a|n|w|n|w|n|w|vn|n
按订单拣取是指分别按每份订单拣货，即分拣完一个订单后，再分拣下一个订单。,订单拣货 分拣 一个订单 分拣 下一个订单,10,按|订单|拣取|是|指|分别|按|每份|订单|拣货|，|即|分拣|完|一个|订单|后|，|再|分拣|下一个|订单|。,p|n|v|v|v|d|p|r|n|v|w|v|v|v|m|n|f|w|d|v|r|n|w,订单|拣货| |分拣| |一个|订单| |分拣| |下一个|订单,n|v|w|vn|w|m|n|w|vn|w|r|n
配送作业中拣货包装单位通常有以下四种：单件、托盘、箱、特殊物品。,单件 托盘 箱 特殊物品,10,配送|作业|中|拣货|包装|单位|通常|有|以下|四种|：|单件|、|托盘|、|箱|、|特殊|物品|。,vn|n|f|v|vn|n|d|v|f|m|w|n|w|n|w|n|w|a|n|w,单件| |托盘| |箱| |特殊|物品,n|w|n|w|n|w|a|n
按订单拣取作业原理是：分拣人员或分拣工具巡回于各个储存点，按订单所列商品及数量，将客户所订购的商品逐一由仓库储位或其它作业区中取出，然后集中在一起的一种传统拣货方式，又称作“摘果式”、“人到货前式”、“订单别拣选” 或“单一顺序拣选”等。  ,分拣人员 分拣工具 储存点 订单 商品 数量 仓库储位 其它作业区 集中 传统拣货方式 摘果式 人到货前式 订单别拣选 单一顺序拣选,10,按|订单|拣取|作业|原理|是|：|分拣|人员|或|分拣|工具|巡回|于|各|个|储存|点|，|按|订单|所|列|商品|及|数量|，|将|客户|所|订购|的|商品|逐一|由|仓库|储位|或|其它|作业|区|中|取出|，|然后|集中|在一起|的|一种|传统|拣货|方式|，|又|称作|“|摘果式|”|、|“|人|到货|前式|”|、|“|订单|别|拣选|”| |或|“|单一|顺序|拣选|”|等|。| | ,p|n|v|vn|n|v|w|vn|n|c|vn|n|v|p|r|q|vn|n|w|p|n|u|v|n|c|n|w|p|n|u|v|u|n|d|p|n|n|c|r|vn|n|f|v|w|c|v|v|u|m|n|vn|n|w|d|v|w|a|w|w|w|n|v|a|w|w|w|n|d|v|w|w|c|w|a|n|v|w|u|w|w|w,分拣|人员| |分拣|工具| |储存|点| |订单| |商品| |数量| |仓库|储位| |其它|作业|区| |集中| |传统|拣货|方式| |摘果式| |人|到货|前式| |订单|别|拣选| |单一|顺序|拣选,vn|n|w|vn|n|w|vn|n|w|n|w|n|w|n|w|n|vn|w|r|vn|n|w|v|w|a|vn|n|w|a|w|n|v|a|w|n|d|v|w|a|n|v
按单分拣作业方法特点：易于实施，配货准确度高，不易出错；各客户分拣相互没有约束；分拣完一个货单，货物便配齐，货物不再落地暂存，可直接装车配送；客户数量不受限制，可在很大范围内波动；对机械化、自动化没有严格要求，不受设备水平限制。,配货 准确度高 分拣没约束 直接装车配送 客户数量 不受限制 机械化 自动化 设备水平 限制,10,按|单|分拣|作业|方法|特点|：|易于|实施|，|配货|准确度|高|，|不易|出错|；|各|客户|分拣|相互|没有|约束|；|分拣|完|一个|货单|，|货物|便|配齐|，|货物|不再|落地|暂存|，|可|直接|装车|配送|；|客户|数量|不受|限制|，|可|在|很大|范围|内|波动|；|对|机械化|、|自动化|没有|严格|要求|，|不受|设备|水平|限制|。,p|n|vn|vn|n|n|w|v|vn|w|vn|n|a|w|ad|v|w|r|n|v|d|v|vn|w|v|v|m|n|w|n|d|v|w|n|d|v|v|w|v|ad|v|v|w|n|n|v|vn|w|v|p|a|n|f|v|w|p|vn|w|vn|v|ad|v|w|v|n|n|vn|w,配货| |准确度|高| |分拣|没|约束| |直接|装车|配送| |客户|数量| |不受|限制| |机械化| |自动化| |设备|水平| |限制,v|w|n|a|w|vn|v|v|w|ad|v|v|w|n|n|w|v|vn|w|vn|w|vn|w|n|n|w|vn
按单拣选产生的问题：商品品种多时，拣货行走路线过长，拣取效率低；    拣取区域大时，搬运系统设计困难；少量、多批次拣取时，会造 成拣货路径重复费高，效率降低。,商品品种 拣货 行走路线 拣取效率低 拣取区域大 搬运系统 设计困难 少量 多批次拣取 拣货路径 重复费高 效率降低,10,按单|拣选|产生|的|问题|：|商品|品种|多|时|，|拣货|行走|路线|过长|，|拣取|效率|低|；| | | | |拣取|区域|大|时|，|搬运|系统|设计|困难|；|少量|、|多批次|拣取|时|，|会|造| |成|拣货|路径|重复费|高|，|效率|降低|。,d|v|v|u|n|w|n|n|a|n|w|v|v|n|a|w|v|n|a|w|w|w|w|w|v|n|a|n|w|v|n|vn|n|w|m|w|m|v|n|w|v|v|w|v|vn|n|n|a|w|n|v|w,商品|品种| |拣货| |行走|路线| |拣取|效率|低| |拣取|区域|大| |搬运|系统| |设计|困难| |少量| |多批次|拣取| |拣货|路径| |重复费|高| |效率|降低,n|n|w|vn|w|v|n|w|v|n|a|w|v|n|a|w|vn|n|w|vn|n|w|m|w|m|v|w|vn|n|w|n|a|w|n|v
批量拣取是把多张订单集合成一批次，按商品品种类别将数量加总后再进行分拣，分拣完后再按客户订单进行分类处理的拣货作业方式，又称“播种式”。,多张订单 集合 一批次 商品 品种类别 数量加总 分拣 客户订单 分类处理 拣货作业方式 播种式,10,批量|拣取|是|把|多张|订单|集合|成|一批次|，|按|商品|品种|类别|将|数量|加|总|后|再|进行|分拣|，|分拣|完|后|再|按|客户|订单|进行|分类|处理|的|拣货|作业|方式|，|又|称|“|播种式|”|。,n|v|v|p|m|n|v|v|m|w|p|n|n|n|p|n|v|a|f|d|v|vn|w|v|v|f|d|p|n|n|v|vn|vn|u|vn|vn|n|w|d|v|w|a|w|w,多|张|订单| |集合| |一批次| |商品| |品种|类别| |数量|加|总| |分拣| |客户|订单| |分类|处理| |拣货|作业|方式| |播种式,a|q|n|w|v|w|m|w|n|w|n|n|w|n|v|a|w|vn|w|n|n|w|vn|vn|w|vn|vn|n|w|n
复合分拣是按单分拣与批量分拣的组合运用，按订单品项、数量和出库频率决定哪些订单适合按单分拣，哪些订单适合批量分拣。,按单分拣 批量分拣 组合运用 订单品项 数量 出库频率 按单分拣 批量分拣,10,复合|分拣|是|按|单|分拣|与|批量|分拣|的|组合|运用|，|按|订单|品项|、|数量|和|出库|频率|决定|哪些|订单|适合|按单|分拣|，|哪些|订单|适合|批量|分拣|。,vn|vn|v|p|n|vn|c|n|vn|u|vn|v|w|p|n|n|w|n|c|vn|n|v|r|n|v|d|v|w|r|n|v|n|vn|w,按单|分拣| |批量|分拣| |组合|运用| |订单|品项| |数量| |出库|频率| |按单|分拣| |批量|分拣,d|v|w|n|vn|w|vd|v|w|n|n|w|n|w|vn|n|w|d|v|w|n|vn
整合按单分拣方式，主要应用在每个订单只有一种品项的场合，为了提高输配送的效率，将某一地区的订单整合成一张拣货单，做一次分拣后，集中捆包出库。它属于按单分拣的一种变形方式,每个订单 一种品项 配送效率 订单整合 拣货单 一次分拣 集中捆包 出库 按单分拣 变形方式,10,整合|按|单|分拣|方式|，|主要|应用|在|每个|订单|只有|一种|品项|的|场合|，|为了|提高|输|配送|的|效率|，|将|某一|地区|的|订单|整合|成|一张|拣|货单|，|做|一次|分拣|后|，|集中|捆|包|出库|。|它|属于|按|单|分拣|的|一种|变形|方式,v|p|n|vn|n|w|ad|v|p|r|n|v|m|n|u|n|w|p|v|vn|vn|u|n|w|p|r|n|u|n|v|v|m|v|n|w|v|m|vn|f|w|ad|v|n|v|w|r|v|p|n|vn|u|m|vn|n,每个|订单| |一种|品项| |配送|效率| |订单|整合| |拣|货单| |一次|分拣| |集中|捆|包| |出库| |按单|分拣| |变形|方式,r|n|w|m|n|w|vn|n|w|n|vn|w|v|n|w|m|vn|w|ad|v|n|w|v|w|d|v|w|vn|n
按单分拣的优点：作业方法简单；订单处理前置时间短；导入容易且作业弹性大；作业员责任明确，作业容易组织；拣货后不必再进行分类作业。,作业方法 简单 订单处理 前置时间短 导入容易 作业弹性大 作业员 责任明确 作业 容易组织 分类作业,10,按单|分拣|的|优点|：|作业|方法|简单|；|订单|处理|前置|时间|短|；|导入|容易|且|作业|弹性|大|；|作业员|责任|明确|，|作业|容易|组织|；|拣货|后|不必|再|进行|分类|作业|。,d|v|u|n|w|n|n|a|w|n|v|vn|n|a|w|v|a|c|vn|n|a|w|n|n|a|w|n|ad|v|w|v|f|d|d|v|vn|vn|w,作业|方法| |简单| |订单|处理| |前置|时间|短| |导入|容易| |作业|弹性|大| |作业员| |责任|明确| |作业| |容易|组织| |分类|作业,vn|n|w|a|w|n|vn|w|vn|n|a|w|v|a|w|vn|n|a|w|n|w|n|a|w|n|w|ad|v|w|vn|vn
批量分拣的优点：合计后拣货、效率较高；盘亏较少。,合计后拣货 效率较高 盘亏较少,10,批量|分拣|的|优点|：|合计|后|拣货|、|效率|较高|；|盘|亏|较少|。,n|vn|u|n|w|v|f|v|w|n|a|w|n|v|a|w,合计|后|拣货| |效率|较高| |盘|亏|较少,v|f|v|w|n|a|w|n|v|a
人至货前拣选方式是指人(或人乘拣选车)到储存区寻找并取出所需要的货物。,人 储存区 货物,10,人|至|货|前|拣选|方式|是|指|人|(|或|人|乘拣|选|车|)|到|储存|区|寻找|并|取出|所|需要|的|货物|。,n|v|n|f|v|n|v|v|n|w|c|n|v|v|n|w|v|vn|n|v|c|v|u|v|u|n|w,人| |储存|区| |货物,n|w|vn|n|w|n
人至货前拣选方式的特点：货物处于静态储存方式，要求货物必须是小型，且出货量较少。,货物 静态 储存方式 货物 小型 出货量较少,10,人|至|货|前|拣选|方式|的|特点|：|货物|处于|静态|储存|方式|，|要求|货物|必须|是|小型|，|且|出货量|较少|。,n|v|n|f|v|n|u|n|w|n|v|n|vn|n|w|v|n|d|v|a|w|c|n|a|w,货物| |静态| |储存|方式| |货物| |小型| |出货量|较少,n|w|n|w|vn|n|w|n|w|a|w|n|a
货至人前拣选方式是指将货物移动到人或拣选机旁，由人或拣选机拣选出所需的货物。,货物 移动 人或拣选机 人或拣选机 拣选 货物,10,货|至|人|前|拣选|方式|是|指|将|货物|移动|到|人|或|拣选机|旁|，|由|人|或|拣选|机拣选出|所需|的|货物|。,n|v|n|f|v|n|v|v|p|n|v|v|n|c|n|f|w|p|n|c|v|v|v|u|n|w,货物| |移动| |人|或|拣选机| |人|或|拣选机| |拣选| |货物,n|w|v|w|n|c|n|w|n|c|n|w|v|w|n
分拣的动作由自动的机械负责，电子信息输入后自动完成分拣作业，无须人手介入。大致可分为合流、分拣识别、分拣分流和分运四个分段。,自动机械 电子信息 分拣作业 合流 分拣识别 分拣分流 分运,10,分拣|的|动作|由|自动|的|机械|负责|，|电子|信息|输入|后|自动|完成|分拣|作业|，|无须|人手|介入|。|大致|可|分为|合流|、|分拣|识别|、|分拣|分流|和|分运|四个|分段|。,vn|u|n|p|a|u|n|v|w|n|n|v|f|ad|v|vn|n|w|d|n|v|w|d|v|v|n|w|vn|vn|w|vn|vn|c|vn|m|vn|w,自动|机械| |电子|信息| |分拣|作业| |合流| |分拣|识别| |分拣|分流| |分运,a|n|w|n|n|w|vn|n|w|n|w|vn|vn|w|vn|vn|w|vn
电子标签拣货系统（DPS）：一种计算机辅助的无纸化的拣货系统，采用计算机传输拣选指令到操作者面前的显示屏上，导引操作者完成规定的作业。,计算机 辅助 无纸化 拣货系统 计算机 拣选指令 操作者 显示屏 导引 操作者 规定作业,10,电子|标签|拣货|系统|（|DPS|）|：|一种|计算机|辅助|的|无纸化|的|拣货|系统|，|采用|计算机|传输|拣选|指令|到|操作者|面前|的|显示屏|上|，|导引|操作者|完成|规定|的|作业|。,n|n|vn|n|w|nz|w|w|m|n|v|u|vn|u|vn|n|w|v|n|vn|vn|n|v|n|f|u|n|f|w|v|n|v|n|u|n|w,计算机| |辅助| |无纸化| |拣货|系统| |计算机| |拣选|指令| |操作者| |显示屏| |导引| |操作者| |规定|作业,n|w|vn|w|vn|w|vn|n|w|n|w|v|n|w|n|w|n|w|v|w|n|w|v|n
电子标签拣货系统的原理：在每一个货位安装数字显示器，利用计算机的控制将订单信息传输到数字显示器内，拣货人员根据数字显示器所显示的数字拣货，拣完货之后按确认钮即完成拣货工作，也叫做电子标签拣货。,货位 数字显示器 计算机 订单信息 数字显示器 拣货人员 数字拣货 拣货工作 电子标签拣货,10,电子|标签|拣货|系统|的|原理|：|在|每一个|货位|安装|数字显示器|，|利用|计算机|的|控制|将|订单|信息|传输|到|数字|显示器|内|，|拣货|人员|根据|数字|显示器|所|显示|的|数字|拣货|，|拣完|货|之后|按|确认|钮|即|完成|拣货|工作|，|也|叫做|电子|标签|拣货|。,n|n|vn|n|u|n|w|p|r|n|v|nz|w|v|n|u|vn|p|n|n|v|v|n|n|f|w|vn|n|p|n|n|u|v|u|n|vn|w|v|n|f|p|v|n|d|v|vn|n|w|d|v|n|n|vn|w,货位| |数字显示器| |计算机| |订单|信息| |数字显示器| |拣货|人员| |数字|拣货| |拣货|工作| |电子|标签|拣货,n|w|nz|w|n|w|n|n|w|nz|w|vn|n|w|n|vn|w|vn|n|w|n|n|vn
电子标签功能：品种、库位指示； 出库数量显示；操作完成信息确认,品种 库位指示 出库数量显示 操作完成 信息确认,10,电子|标签|功能|：|品种|、|库位|指示|；| |出库|数量|显示|；|操作|完成|信息|确认,n|n|n|w|n|w|n|n|w|w|vn|n|v|w|vn|v|n|v,品种| |库位|指示| |出库|数量|显示| |操作|完成| |信息|确认,n|w|n|n|w|vn|n|v|w|vn|v|w|n|v
电子标签根据其功能可以分为传统电子标签和智慧型电子标签。,传统 智慧型,10,电子|标签|根据|其|功能|可以|分为|传统|电子|标签|和|智慧型|电子|标签|。,n|n|p|r|n|v|v|a|n|n|c|a|n|n|w,传统| |智慧型,n|w|a
分拣策略是影响分拣作业效率的重要因素，对不同的订单需求应采取不同的分拣策略。,分拣作业效率 因素 不同 订单需求 不同 分拣策略,10,分拣|策略|是|影响|分拣|作业|效率|的|重要|因素|，|对|不同|的|订单|需求|应|采取|不同|的|分拣|策略|。,vn|n|v|v|vn|vn|n|u|a|n|w|p|a|u|n|n|v|v|a|u|vn|n|w,分拣|作业|效率| |因素| |不同| |订单|需求| |不同| |分拣|策略,vn|vn|n|w|n|w|a|w|n|n|w|a|w|vn|n