保管成本指在保管过程中为保管物品而发生的全部费用。,保管成本指在保管过程中为保管物品而发生的全部费用。,10
运输方式按运输设备及运输工具可分为：公路运输；铁路运输；水路运输和航空运输；,运输方式按运输设备及运输工具可分为：公路运输；铁路运输；水路运输和航空运输；,10
配送中心：为了顺利、有序、方便地向客户发送商品，对组织来的各种货物进行整理，并依据订单要求进行组合的过程。,配送中心：为了顺利、有序、方便地向客户发送商品，对组织来的各种货物进行整理，并依据订单要求进行组合的过程。,10
绩效管理是指各级管理者和员工为了达到组织目标共同参与的绩效计划制定、绩效实施、绩效评价、绩效评估结果应用、绩效目标提升的持续循环过程，以持续提升个人和组织的绩效。,绩效管理是指各级管理者和员工为了达到组织目标共同参与的绩效计划制定、绩效实施、绩效评价、绩效评估结果应用、绩效目标提升的持续循环过程，以持续提升个人和组织的绩效。,10
盘点作业应考虑的问题有：A盘点中，实际存量和账面存量的差异是多少？B这些差异是发生在哪些品项？C每次循环盘点中，有几次确实存在误差？D平均每品项货品发生误差的次数是多少？,盘点作业应考虑的问题有：A盘点中，实际存量和账面存量的差异是多少？B这些差异是发生在哪些品项？C每次循环盘点中，有几次确实存在误差？D平均每品项货品发生误差的次数是多少？,10
出库作业管理包括：波次运算；补货；拣选；复核包装；集货；发货,出库作业管理包括：波次运算；补货；拣选；复核包装；集货；发货,10
库区布局是指一个仓库的各个组成部分，如库存、货棚、货场、辅助建筑物、铁路专运线、库内道路、附属固定设备等。,库区布局是指一个仓库的各个组成部分，如库存、货棚、货场、辅助建筑物、铁路专运线、库内道路、附属固定设备等。,10
按货架的适用性分类：通用货架、专用货架,按货架的适用性分类：通用货架,5
WCS 是仓库控制系统(Warehouse Control System) 的缩写。WCS是介于WMS系统和PLC系统之间的一层管理控制系统。,WCS 是仓库控制系统(Warehouse Control System) 的缩写。WCS是介于WMS系统和PLC系统之间的一层管理控制系统。,10
装卸搬运作业成本分析与控制包括：合理选择装卸搬运机具；提高物品装卸搬运的活性化与可运性；利用重力作用，减少能量消耗；合理选择装卸搬运方式；改进装卸搬运作业方法。,装卸搬运作业成本分析与控制包括：合理选择装卸搬运机具；提高物品装卸搬运的活性化与可运性；利用重力作用，减少能量消耗；合理选择装卸搬运方式；改进装卸搬运作业方法。,10
按单拣选产生的问题：商品品种多时，拣货行走路线过长，拣取效率低；    拣取区域大时，搬运系统设计困难；少量、多批次拣取时，会造 成拣货路径重复费高，效率降低。,商品品种多时，拣货行走路线过长，拣取效率低；拣货路径重复费高，效率降低。,5
配货检查的方法包括：人工检查法、条码检查法、声音输入检查法、重量计算检查法。,配货检查的方法包括：人工检查法、条码检查法、声音输入检查法、重量计算检查法。,10
配送作业活动以客户发出的订货信息作为配送作业的驱动源。,配送作业活动以客户发出的订货信息作为配送作业的驱动源。,10
物品出库作业：它是仓储经营人根据存货人或仓单持有人所持有的仓单，按其所列物品的编号、名称、规格、型号、数量等项目，组织物品出库的一系列活动。,物品出库作业：它是仓储经营人根据存货人或仓单持有人所持有的仓单，按其所列物品的编号、名称、规格、型号、数量等项目，组织物品出库的一系列活动。,10
DBMS是一种操作和管理数据库的大型软件，可用于建立、使用和维护数据库。物流系统中的库存、货位、入出库记录等重要数据都是通过DBMS管理的。,DBMS是一种操作和管理数据库的大型软件，可用于建立、使用和维护数据库。物流系统中的库存、货位、入出库记录等重要数据都是通过DBMS管理的。,10
正确且迅速地集合客户所订购的货品是拣货的目的。,正确且迅速地集合客户所订购的货品是拣货的目的。,10
机械安全作业要求：在符合许可范围内操作；使用合适器械作业；设备作业要有专人指挥。,机械安全作业要求：在符合许可范围内操作；使用合适器械作业；设备作业要有专人指挥。,10
配送要素包括：集货、储存、分拣和拣选、配货、配装、配送运输、送达服务。,配送要素：集货、储存、分拣和拣选、配货、配装、配送运输、送达服务。,10
盘点的原则包括：真实、准确、完整、清楚。,盘点的原则：真实、准确、完整、清楚。,10
储位编码：是指将库房、货场、货棚、货架按物品存放的具体位置顺序，统一编列号码，并作出明显标志。,储位编码：是指将库房、货场、货棚、货架按物品存放的具体位置顺序，统一编列号码，并作出明显标志。,10
拣货单位是指拣货作业中拣取货物的包装单位。订货单位合理化主要是避免过小单位出现在订单中，减少作业量与误差，如订货的最小单位是箱，则不要以单品为拣货单位。  ,拣货单位是指拣货作业中拣取货物的包装单位。订货单位合理化主要是避免过小单位出现在订单中，减少作业量。,7
配送作业活动是以客户发出的订货信息（即订单）作为配送作业的驱动源的。,配送作业活动是以客户发出的订货信息（即订单）作为配送作业的驱动源的。,10
重心法的缺点有：一般此法是根据可变成本来进行选址的，没有区分在不同地点物流配送中心或网点所需资本成本的差异；该方法假设运费随距离呈线性变化，而实际生活中运费常常是随距离增大而递减；配送中心和其他网络节点之间的路线通常假定为直线，且被选地址是连续的，这都不符合实际情况。,重心法的缺点有：一般此法是根据可变成本来进行选址的，没有区分在不同地点物流配送中心或网点所需资本成本的差异；该方法假设运费随距离呈线性变化，而实际生活中运费常常是随距离增大而递减；配送中心和其他网络节点之间的路线通常假定为直线，且被选地址是连续的，这都不符合实际情况。,10
垛牌的内容有货位号、物品名称、规格、制造日期等。,垛牌的内容有货位号、物品名称、规格、制造日期等。,10
配送中的储存形态有储备及暂存。 储备数量较大，更加有计划性。暂存是具体执行日配送时，按分拣配货要求，在理货场地所做的少量储存准备 。,配送中的储存形态有储备及暂存。 储备数量较大，更加有计划性。暂存是具体执行日配送时，按分拣配货要求，在理货场地所做的少量储存准备 。,10
无线射频识别（RFID）是通过一种无线电讯号和微芯片标签识别特定目标并读写相关数据的通讯技术。,无线射频识别（RFID）是通过一种无线电讯号和微芯片标签识别特定目标并读写相关数据的通讯技术。,10
仓储管理系统中基础数据管理包括：用户数据；部门数据；货位数据；客户主数据；物流主数据；订单类数据；其他数据,仓储管理系统中基础数据管理包括以下内容：用户数据；部门数据；货位数据；客户主数据；物流主数据；订单类数据；其他数据,10
物品出库要做到“三不、三核、五检查” 。,物品出库要做到“三不、三核、五检查” 。,10
空间利用率是进出货作业绩效评估的指标,进出货作业绩效评估指标——空间利用率,10
托盘是物流过程中承载货物的集装单元化工具之一，是与搬运装卸机械配套使用的重要的集装器具。,托盘是物流过程中承载货物的集装单元化工具之一，是与搬运装卸机械配套使用的重要的集装器具。,10
就性质而言自由贸易区可分为：商业自由区和工业自由区。,就性质而言自由贸易区可分为：商业自由区和工业自由区。,10
配货是使用各种拣选设备和传输装置，将存放的物品，按客户要求分拣出来，配备齐全，送入指定发货地点。,配货是使用各种拣选设备和传输装置，将存放的物品，按客户要求分拣出来，配备齐全，送入指定发货地点。,10
顾客下单、订单处理、拣货、配货、配装、配送、流通加工和进货构成了配送作业的流程,配送作业流程：顾客下单；订单处理；拣货；配货；配装；配送；流通加工；进货；,10
补货方式包括：拼/整箱补货、托盘补货、货位补货、其他补货方式（直接补货、复合式补货、自动补货）,补货方式包括：拼/整箱补货、托盘补货、货位补货、其他补货方式（直接补货、复合式补货、自动补货）,10
进货是配送的准备工作或基础工作，它是配送的基础环节，又是决定配送成败与否、规模大小的最基础环节，也是决定配送效益高低的关键环节。具体是指配送中心根据客户的需要，为配送业务的顺利实施，而从事的组织商品货源和进行商品存储的一系列活动。,进货是配送的准备工作或基础工作，它是配送的基础环节，又是决定配送成败与否、规模大小的最基础环节，也是决定配送效益高低的关键环节。具体是指配送中心根据客户的需要，为配送业务的顺利实施，而从事的组织商品货源和进行商品存储的一系列活动。,10
对物流价值的事前计划与控制以及事后的分析与评估，以衡量配送中心配送系统和配送活动全过程的投入与产出状况的分析技术与方法是配送中心绩效评价。,配送中心绩效评价是对物流价值的事前计划与控制以及事后的分析与评估，以衡量配送中心配送系统和配送活动全过程的投入与产出状况的分析技术与方法。,10
场所效用指同种"物"由于空间场所不同，其使用价值的实现程度则不同，其效益的实现也不同。由于改变场所而最大发挥使用价值，最大限度提高了投入产出比，这就称之为"场所效用"。,场所效用的含义是：同种"物"由于空间场所不同，其使用价值的实现程度则不同，其效益的实现也不同。由于改变场所而最大发挥使用价值，最大限度提高了投入产出比，这就称之为"场所效用"。,10
《物流术语》中规定运输是：用专用运输设备将物品从一个地点向另一地点运送。其中包括集货、分配、搬运、中转、装入、卸下、分散等一系列操作。,《物流术语》中规定运输是：用专用运输设备将物品从一个地点向另一地点运送。其中包括集货、分配、搬运、中转、装入、卸下、分散等一系列操作。,10
合理选择备货作业方式包括：全面分拣、批处理分拣、分区分拣、分组分拣。,合理选择备货作业方式有：全面分拣、批处理分拣、分区分拣、分组分拣。,10
将客户所需的物品通过运输工具以及一定的运输路线和其他设备送达到客户手中的物流活动称为送货。,将客户所需的物品通过运输工具以及一定的运输路线和其他设备送达到客户手中的物流活动称为送货。,10
目前广泛应用的绩效管理框架主要是关键业绩指标法（KPI）和平衡计分法（BSC）。,目前被广泛应用的绩效管理框架主要是关键业绩指标法（Key Performance Indicator，KPI）和平衡计分法（Balance Scorecard，BSC）。,10
按货架的发展分类：传统式货架、新型货架,按货架的发展分类：传统式货架、新型货架,10
垫垛指物品堆码前，使用适合的衬垫材料进行铺垫。,垫垛指物品堆码前，使用适合的衬垫材料进行铺垫。,10
搬运：是指在同一场所内，对物品进行空间移动的作业过程。,搬运：是指在同一场所内，对物品进行空间移动的作业过程。,10
规划是用来拟定根据决策目标应采取的行动，是一种方法；为整个物流活动过程选择合理的作业方式、正确的行动方向是规划的目的。,规划是一种方法，用来拟定根据决策目标应采取的行动；规划的目的是为整个物流活动过程选择合理的作业方式、正确的行动方向。,10
如果一个物品经常进出库，我们就叫它“高物动量”。,如果一个物品经常进出库，我们就叫它“高物动量”。,10
物流企业的绩效考核非常重要，通过物流绩效考核系统的建立、考核、评估等环节进行物流绩效的管理。,物流企业的绩效考核起着非同小可的作用，我们通过物流绩效考核系统的建立、考核、评估等环节进行物流绩效的管理。,10
配货作业：把拣取分类完成的货品经过配货检查过程后，装入容器和做好标示，再运到发货准备区，待装车后发送。,配货作业：把拣取分类完成的货品经过配货检查过程后，装入容器和做好标示，再运到发货准备区，待装车后发送。,10
在一个具有若干供应点及若干个需求点的经济区域内，选一个地址设置配送中心的规划过程称为配送中心选址。,配送中心选址是指在一个具有若干供应点及若干个需求点的经济区域内，选一个地址设置配送中心的规划过程。,10
包装作业成本分析与控制包括以下内容：使用物美价廉的包装材料；包装作业机械化，提高包装效率；采用大包装，尽量使包装简单化，节约包装材料；利用原有包装，加贴新标签。,包装作业成本分析与控制包括以下内容：使用物美价廉的包装材料；包装作业机械化，提高包装效率；采用大包装，尽量使包装简单化，节约包装材料；利用原有包装，加贴新标签。,10
订单分批按方式可分为：总合计量分批、固定订单分批、时窗分批、智能型分批四种。,订单分批按方式可分为：总合计量分批、固定订单分批、时窗分批、智能型分批四种。,10
顾客下单、订单处理、拣货、配货、配装、配送、流通加工和进货构成了配送作业的流程,顾客下单、订单处理、拣货、配货、配装、配送、流通加工和进货构成了配送作业的流程,10
叉车的分类：平衡重式叉车、前移式叉车、侧面叉车、拣选叉车、电动插腿式叉车、多方向堆垛叉车、集装箱叉车。,叉车的分类：平衡重式叉车、前移式叉车、侧面叉车、拣选叉车、电动插腿式叉车、多方向堆垛叉车、集装箱叉车。,10
RFID的特点：非接触识别，它能穿透雪、雾、冰、涂料、尘垢、高速运动的物体和条形码无法使用的恶劣环境阅读标签，并且阅读速度极快；保密性强。,RFID的特点：非接触识别，它能穿透雪、雾、冰、涂料、尘垢、高速运动的物体和条形码无法使用的恶劣环境阅读标签，并且阅读速度极快；保密性强。,10
电子标签拣货系统（DPS）：一种计算机辅助的无纸化的拣货系统，采用计算机传输拣选指令到操作者面前的显示屏上，导引操作者完成规定的作业。,一种无纸化的拣货系统，采用计算机传输拣选指令到显示屏上，导引操作者完成规定的作业。,7
矩阵制缺点包括：组织成员不是固定的，易产生临时的观念，对工作有一定的影响；双重领导，难免发生矛盾，也不易分清责任。,矩阵制缺点：组织成员不是固定的，易产生临时的观念，对工作有一定的影响；双重领导，难免发生矛盾，也不易分清责任。,10
常见的堆垛机有：桥式堆垛机、巷道式堆垛机。,常见的堆垛机有：巷道式堆垛机。,5
绩效也称为业绩、效绩、成效等，反映人们从事某一种活动所产生的成绩和成果。,绩效也称为业绩、效绩、成效等，反映人们从事某一种活动所产生的成绩和成果。,10
仓储货品的验收问题的主要内容有三项：一是验收项目，二是验收方法，三是验收期限。,仓储货品的验收问题的主要内容有：验收项目，验收方法。,7
作业方法简单；订单处理前置时间短；导入容易且作业弹性大；作业员责任明确，作业容易组织；拣货后不必再进行分类作业是按单分拣的优点。,作业方法简单；订单处理前置时间短；导入容易且作业弹性大；作业员责任明确，作业容易组织；拣货后不必再进行分类作业是按单分拣的优点。,10
正确且迅速地集合客户所订购的货品是拣货的目的。,拣货目的：正确且迅速地集合客户所订购的货品。,10
仓储成本是物流成本的重要组成部分，对物流成本的高低有直接影响。,仓储成本是物流成本的重要组成部分，对物流成本的高低有直接影响。,10
集装作业：是指运用集装箱、仓储笼、托盘、集装袋等进行集装后搬运的作业。,集装作业：是指运用集装箱、仓储笼、托盘、集装袋等进行集装后搬运的作业。,10
利用旋转货架完成分货工作就是旋转架分货。,利用旋转货架完成分货工作就是旋转架分货。,10
合同自双方达成合意时成立的合同称为诺成合同,诺成合同，是指合同自双方达成合意时成立。,10
拣货作业过程，由生成拣货资料、行走或搬运、拣取和分类与集中几个环节组成。,生成拣货资料、行走、拣取和分类。,7
子标签拣选系统：以一连串装于货架格位上的电子显示装置取代拣货单，指示应拣取的物品及数量，辅助捡货人员的作业，减少目视寻找的时间。,子标签拣选系统：以一连串装于货架格位上的电子显示装置取代拣货单，指示应拣取的物品及数量，辅助捡货人员的作业，减少目视寻找的时间。,10
储备库主要的功能是储存和保管物资，这也是仓库的最传统、最基本的功能。,储备库主要的功能是储存和保管物资，这也是仓库的最传统、最基本的功能。,10
ERP的功能模块：供应链管理、销售与市场、分销、客户服务、财务管理、制造管理、库存管理、工厂与设备维护、人力资源、报表、制造执行系统、工作流服务和企业信息系统等。此外，还包括金融投资管理、质量管理、运输管理、项目管理、法规与标准和过程控制等补充功能。,ERP的功能模块：供应链管理、销售与市场、分销、客户服务、财务管理、制造管理、库存管理、工厂与设备维护、人力资源、报表、制造执行系统、工作流服务和企业信息系统等。此外，还包括金融投资管理、质量管理、运输管理、项目管理、法规与标准和过程控制等补充功能。,10
综合化机械作业，是指利用两种以上工具进行的装卸搬运作业。,综合化机械作业，是指利用两种以上工具进行的装卸搬运作业。,10
入库申请的流程是存货人提出申请，仓储企业做出评估，拒绝则不予收货，接受则通知存货人并制定入库计划。,入库申请的流程是存货人提出申请，仓储企业做出评估，拒绝则不予收货，接受则通知存货人并制定入库计划。,10
目前广泛应用的绩效管理框架主要是关键业绩指标法（KPI）和平衡计分法（BSC）。,目前广泛应用的绩效管理框架主要是关键业绩指标法（KPI）和平衡计分法（BSC）。,10
危险品仓库是保管危险物品并能对危险品起一定防护作用的仓库,危险品仓库是保管危险物品并能对危险品起一定防护作用的仓库,10
节约里程法的意义包括：满足客户配送需要；减少配送车辆使用；减少配送车辆使用。,节约里程法的意义包括：满足客户配送需要；减少配送车辆使用；减少配送车辆使用。,10
订单：是配送中心开展配送业务的依据。配送中心接到客户订单以后需要对订单加以处理，据以安排分拣、补货、配货、送货等作业环节。,订单是配送中心开展配送业务的依据，配送中心接到客户订单以后需要对订单加以处理，据以安排分拣、补货、配货、送货等作业环节。,10
电子标签拣货系统是一种计算机辅助的无纸化的拣货系统，采用计算机传输拣选指令到操作者面前的显示屏上，导引操作者完成规定的作业。,电子标签拣货系统（DPS）：一种计算机辅助的无纸化的拣货系统，采用计算机传输拣选指令到操作者面前的显示屏上，导引操作者完成规定的作业。,10
每一个企业经营评估的重要指标是人员作业效率的考核分析。人员利用率评估主要包含：人员编制、员工待遇、人员效率。,对于人员作业效率的考核分析，是每一个企业经营评估的重要指标。人员利用率评估主要从三个方面着手：  人员编制 、员工待遇、人员效率。,10
物品出库的形式包括：送货、收货人自提、过户 、取样、转仓,物品出库的形式包括：送货、收货人自提、过户 、取样、转仓,10
配送中心总体设计流程包括：基础规划资料分析；规划条件设定；作业功能规划；作业流程规划；作业区域布局规划。,配送中心总体设计流程包括：基础规划资料分析；规划条件设定；作业功能规划；作业流程规划；作业区域布局规划。,10
配送中心作业区域规划原则包括：要求物料搬运流程通畅、短捷、方便、往返避免交叉；选择适当的建筑模式，采用适当的高度、跨度、柱距，充分利用建筑的空间；合理划分和协调配置储存区域和其他区作业场所；为工作人员创造安全、舒适的工作环境；具备适应变化的柔性；投资合理。,配送中心作业区域规划原则包括：要求物料搬运流程通畅、短捷、方便、往返避免交叉；选择适当的建筑模式，采用适当的高度、跨度、柱距，充分利用建筑的空间；合理划分和协调配置储存区域和其他区作业场所；为工作人员创造安全、舒适的工作环境；具备适应变化的柔性；投资合理。,10
分拣是将物品按品种、出入库先后顺序进行分门别类堆放的作业。,分拣是将物品按品种、出入库先后顺序进行分门别类堆放的作业。,10
人至货前拣选方式：人到储存区寻找并取出所需要的货物。,人至货前拣选方式：人到储存区寻找并取出所需要的货物。,10
货至人前拣选方式：将货物移动到人或拣选机旁，由人或拣选机拣选出所需的货物。,货至人前拣选方式：将货物移动到人或拣选机旁，由人或拣选机拣选出所需的货物。,10
订单是配送中心开展配送业务的依据，配送中心接到客户订单以后需要对订单加以处理，据以安排分拣、补货、配货、送货等作业环节。,订单是配送中心开展配送业务的依据，配送中心接到客户订单以后需要对订单加以处理，据以安排分拣、补货、配货、送货等作业环节。,10
仓储货品的验收问题的主要内容有三项：一是验收项目，二是验收方法，三是验收期限。,仓储货品的验收问题的主要内容有三项：一是验收项目，二是验收方法，三是验收期限。,10
按订单拣取作业原理是：分拣人员或分拣工具巡回于各个储存点，按订单所列商品及数量，将客户所订购的商品逐一由仓库储位或其它作业区中取出，然后集中在一起的一种传统拣货方式，又称作“摘果式”、“人到货前式”、“订单别拣选” 或“单一顺序拣选”等。  ,按订单拣取作业原理是：分拣人员或分拣工具巡回于各个储存点，按订单所列商品及数量，将客户所订购的商品逐一由仓库储位或其它作业区中取出，然后集中在一起的一种传统拣货方式，又称作“摘果式”、“人到货前式”、“订单别拣选” 或“单一顺序拣选”等。  ,10
通过对组织内部流程的输入端、输出端的关键参数进行设置、取样、计算、分析，衡量流程绩效的一种目标式量化管理指标，把企业的战略目标分解为可操作的工作目标的工具，企业绩效管理的基础是关键绩效指标。,关键绩效指标：是通过对组织内部流程的输入端、输出端的关键参数进行设置、取样、计算、分析，衡量流程绩效的一种目标式量化管理指标，是把企业的战略目标分解为可操作的工作目标的工具，是企业绩效管理的基础。,10
综合库是用于存放多种不同属性物品的仓库。,综合库是用于存放多种不同属性物品的仓库。,10
ERP的功能模块：供应链管理、销售与市场、分销、客户服务、财务管理、制造管理、库存管理、工厂与设备维护、人力资源、报表、制造执行系统、工作流服务和企业信息系统等。此外，还包括金融投资管理、质量管理、运输管理、项目管理、法规与标准和过程控制等补充功能。,ERP的功能模块：供应链管理、销售与市场、财务管理、制造管理、库存管理、工厂与设备维护、人力资源、工作流服务和企业信息系统等。,5
货垛的五距：墙距、柱、顶距、灯距和垛距。,货垛的五距：墙距、柱、顶距、灯距和垛距。,10
备货作业成本分析与控制包括：合理选择备货作业方式；合理安排仓储空间，降低备货成本；加强货位管理，提高备货作业效率。,备货作业成本分析与控制包括：合理选择备货作业方式；合理安排仓储空间，降低备货成本；加强货位管理，提高备货作业效率。,10
物品的养护作业：指对不同物品保护、保养、质量控制的活动。,物品的养护作业：指对不同物品保护、保养、质量控制的活动。,10
装卸搬运作业成本分析与控制包含以下方面：合理选择装卸搬运机具；提高物品装卸搬运的活性化与可运性；利用重力作用，减少能量消耗；合理选择装卸搬运方式；改进装卸搬运作业方法。,装卸搬运作业成本分析与控制包含以下方面：合理选择装卸搬运机具；提高物品装卸搬运的活性化与可运性；利用重力作用，减少能量消耗；合理选择装卸搬运方式；改进装卸搬运作业方法。,10
合同自双方达成合意时成立的合同称为诺成合同,合同自双方达成合意时成立的合同称为诺成合同,10
重力式货架是指在货架每层的通道上，都安装有一定坡度的、带有轨道的 导轨，入库的单元货物在重力的作用下，由入库端流向出库端。 ,重力式货架是指在货架每层的通道上，由入库端流向出库端。,4
订单处理的方式包括人工处理和计算机处理。,订单处理的方式包括人工处理和计算机处理。,10
按单分拣的优点：作业方法简单；订单处理前置时间短；导入容易且作业弹性大；作业员责任明确，作业容易组织；拣货后不必再进行分类作业。,按单分拣的优点：作业方法简单；订单处理前置时间短；导入容易且作业弹性大；作业员责任明确，作业容易组织；拣货后不必再进行分类作业。,10
物品验收方式分为全验和抽验。,物品验收方式分为全验和抽验。,10
灭火器简略地分为三种：泡沫灭火器、干粉灭火器和二氧化碳灭火器。,灭火器简略地分为三种：泡沫灭火器、干粉灭火器和二氧化碳灭火器。,10
验收期限：自物品和验收资料全部送达保管人之日起，至验收报告送出之日止。,验收期限：自物品和验收资料全部送达保管人之日起，至验收报告送出之日止。,10
RFID的特点包括：保密性强；非接触识别，能穿透雪、雾、涂料、高速运动的物体和条形码无法使用的恶劣环境阅读标签，并且阅读速度极快；。,RFID的特点：非接触识别，它能穿透雪、雾、冰、涂料、尘垢、高速运动的物体和条形码无法使用的恶劣环境阅读标签，并且阅读速度极快；保密性强。,10
反映仓储作业设施设备利用程度的指标：仓库货物周转率；单位面积储存量；仓库空间利润率；设备利润率。,反映仓储作业设施设备利用程度的指标：仓库货物周转率；单位面积储存量。,5
反映仓储作业消耗的指标：材料、燃料和动力消耗指标；平均储存费用,反映仓储作业消耗的指标：材料、燃料和动力消耗指标；,8
分拣作业目的在于正确且迅速地集合顾客所订购的商品。,分拣作业目的在于正确且迅速地集合顾客所订购的商品。,10
退货物流作业区的作业项目有：退货；退货卸货；退货点收；退货责任确认；退货良品处理；退货瑕疵品处理；退货废品处理。,退货物流作业区的作业项目包括：退货；退货卸货；退货点收；退货责任确认；退货良品处理；退货瑕疵品处理；退货废品处理。,10
检尺长：指检量木材实际长度时，按照某项标准的规定经过进或舍之后的尺寸。,检尺长：指检量木材实际长度时，按照某项标准的规定经过进或舍之后的尺寸。,10
条形码的识读原理：根据不同颜色的物体，其反射的可见光的波长不同，光电转换器接收到不同强弱的反射光信号，并转换成相应的电信号并进行放大后输出。,光电转换器接收到不同强弱的反射光信号，并转换成相应的电信号并进行放大后输出。,7
企业资源计划即 ERP (Enterprise Resource Planning)，由美国 Gartner Group 公司于1990年提出。企业资源计划是 MRP II（企业制造资源计划）下一代的制造业系统和资源计划软件。,企业资源计划即 ERP (Enterprise Resource Planning)，由美国 Gartner Group 公司于1990年提出。企业资源计划是 MRP II（企业制造资源计划）下一代的制造业系统和资源计划软件。,10
按货架的可动性分类：固定式货架、移动式货架、旋转式货架、组合货架、可调式货架、流动储存货架,按货架的可动性分类：固定式货架、移动式货架、旋转式货架、组合货架、可调式货架、流动储存货架,10
分拣是使配送不同于一般形式的送货以及其他物流形式的重要支持性工作，是配送中心作业系统的核心。,分拣是使配送不同于一般形式的送货以及其他物流形式的重要支持性工作，是配送中心作业系统的核心。,10
设施是指除人员、设备以外的一切硬件，具体包括办公室、休息室、仓储区、拣货区、收货区和出货区等等区域空间的安排及一些消防设施等周边硬件。 ,设施，指除人员、设备以外的一切硬件，包括办公室、休息室、仓储区、拣货区、收货区和出货区等等区域空间的安排及一些消防设施等周边硬件。 ,10
直线职能制的优点：命令统一，职责明确，专业化管理程度较高，组织稳定。它既保证了管理体系的集中统一，又可以在各级行政负责人的领导下，充分发挥各专业管理机构的作用；直线职能制的缺点：职能部门之间缺乏交流、协作和配合，职能部门与行政负责人之间容易产生摩擦，组织系统的灵敏度较低，下级的许多工作要直接向上层领导报告请示才能处理，常常造成企业运作效率低下。,直线职能制的优缺点：优点——命令统一，职责明确，专业化管理程度较高，组织稳定。它既保证了管理体系的集中统一，又可以在各级行政负责人的领导下，充分发挥各专业管理机构的作用；缺点——职能部门之间缺乏交流、协作和配合，职能部门与行政负责人之间容易产生摩擦，组织系统的灵敏度较低，下级的许多工作要直接向上层领导报告请示才能处理，常常造成企业运作效率低下。,10
拣货作业流程：生成拣货资料、行走或搬运、拣取和分类与集中。,拣货作业流程：生成拣货资料、行走或搬运、拣取和分类与集中。,10
按订单拣取是指分别按每份订单拣货，即分拣完一个订单后，再分拣下一个订单。,按订单拣货，分拣完一个订单后，再分拣下一个订单。,9
账面盘点法又称永续盘点法，是指将每一种物品分别设立“存货帐卡”，然后将每一种物品的出入库数量及有关信息记录在账面上，逐笔汇总出账面库存结余数，保证随时可以从电脑或账册上查悉物品的出入库信息及库存结余量。 ,账面盘点法又称永续盘点法，是指将每一种物品分别设立“存货帐卡”，然后将每一种物品的出入库数量及有关信息记录在账面上，逐笔汇总出账面库存结余数，保证随时可以从电脑或账册上查悉物品的出入库信息及库存结余量。 ,10
TMS的功能模块包括：调度管理、车辆管理、配件管理、油耗管理、费用结算、人员管理、资源管理、财务核算、绩效考核、车辆跟踪、业务跟踪、业务统计、白卡管理、监控中心系统、账单查询等,TMS的功能模块包括：调度管理、车辆管理、配件管理、油耗管理、费用结算、人员管理、资源管理、财务核算、绩效考核、车辆跟踪、业务跟踪、业务统计、白卡管理、监控中心系统、账单查询等,10
集货是指将分散的或小批量的物品集中起来，以便进行运输、配送的作业 。,将分散的或小批量的物品集中起来，以便进行运输的作业 。,8
商品养护员是指对库存商品进行保养维护的人员。,对库存商品进行保养维护的人员。,9
分拣作业：将用户所订的货物从储存保管处取出，按用户分类、集中、处理、放置。,分拣作业就是将用户所订的货物从储存保管处取出，按用户分类、集中、处理、放置。,10
选择评价指标的原则包括：能反映组织整体或个别作业单位的业绩；确实反映负责人或经理人的努力程度，同时，对于不是他所能控制的因素也应能适当显示；要有助于问题点的分析，这样才能协助企业找到加强改进的方向。,选择评价指标的原则：选出的指标能反映组织整体或个别作业单位的业绩；选出的指标确实反映负责人或经理人的努力程度，同时，对于不是他所能控制的因素也应能适当显示；选出的指标要有助于问题点的分析，这样才能协助企业找到加强改进的方向。,10
加工中心的主要工作是进行流通加工。,加工中心的主要工作是进行流通加工。,10
按单分拣作业方法特点：易于实施，配货准确度高，不易出错；各客户分拣相互没有约束；分拣完一个货单，货物便配齐，货物不再落地暂存，可直接装车配送；客户数量不受限制，可在很大范围内波动；对机械化、自动化没有严格要求，不受设备水平限制。,按单分拣作业方法特点：易于实施，配货准确度高，易出错；各客户分拣相互没有约束；分拣完一个货单，货物便配齐，货物落地暂存，可直接装车配送；客户数量不受限制，可在很大范围内波动；对机械化、自动化有严格要求，受设备水平限制。,4
电子标签功能：品种、库位指示； 出库数量显示；操作完成信息确认,电子标签功能：品种、库位指示； 出库数量显示；操作完成信息确认,10
配装：在单个客户配送数量不能达到车辆的有效运载负荷时，就存在如何集中不同客户的配送货物，进行搭配装载以充分利用运能、运力的问题。,如何集中不同客户的配送货物，进行搭配装载以充分利用运能、运力的问题。,5
电子标签拣货系统（DPS）：一种计算机辅助的无纸化的拣货系统，采用计算机传输拣选指令到操作者面前的显示屏上，导引操作者完成规定的作业。,电子标签拣货系统（DPS）：一种计算机辅助的无纸化的拣货系统，采用计算机传输拣选指令到操作者面前的显示屏上，导引操作者完成规定的作业。,10
库存控制是在保障供应的前提下，是库存物品的数量最少而进行有效的技术经济措施。,库存控制是在保障供应的前提下，是库存物品的数量最少而进行有效的技术经济措施。,10
补货作业的目的包括：保证拣货区随时有货可拣，能够及时满足客户订货的需要，以提高拣货的效率。,补货作业的目的包括：保证拣货区随时有货可拣，能够及时满足客户订货的需要，以提高拣货的效率。,10
订货成本指企业为了实现一次订货的各种活动的费用。包括差旅费、订货手续费、招待费等。,订货成本指企业为了实现一次订货的各种活动的费用。包括差旅费、订货手续费、招待费等。,10
所有分货作业过程全部由人根据订单、拣货单来进行，作业由人、货架、集货设备（货箱、托盘等）配合完成，不借助任何电脑或自动化的辅助设备就是人工分货。,人工分货是指所有分货作业过程全部由人根据订单、拣货单来进行，作业由人、货架、集货设备（货箱、托盘等）配合完成，不借助任何电脑或自动化的辅助设备。,10
总合计量分批方式的优缺点：优点是一次拣出商品总量，可使平均拣取路径减到最短；储存区域的储存单位单纯化。缺点是需要功能强大的分类系统完成分类作业，订单数不可过多。,总合计量分批方式的优缺点：优点——一次拣出商品总量，可使平均拣取路径减到最短；储存区域的储存单位单纯化。缺点——需要功能强大的分类系统完成分类作业，订单数不可过多。,10
配送中心绩效是指配送中心依据客户订单在组织配送运作过程中的劳动消耗和劳动占用与所创造的物流价值的对比关系或者是配送运作过程中配送中心投入的配送资源与创造的物流价值的对比。,配送中心绩效指配送中心依据客户订单在组织配送运作过程中的劳动消耗和劳动占用与所创造的物流价值的对比关系，或者是配送运作过程中配送中心投入的配送资源与创造的物流价值的对比。,10
配送作业流程：顾客下单；订单处理；拣货；配货；配装；配送；流通加工；进货；,配送作业流程：顾客下单；订单处理；拣货；配货；配装；配送；流通加工；进货；,10
仓库内部平面布局有：横列式、纵列式、混合式。,仓库内部平面布局有：横列式、纵列式、混合式。,10
WCS 即仓库控制系统，是介于WMS系统和PLC系统之间的一层管理控制系统。,WCS 是仓库控制系统(Warehouse Control System) 的缩写。WCS是介于WMS系统和PLC系统之间的一层管理控制系统。,10
配送中的储存形态有储备及暂存。 储备数量较大，更加有计划性。暂存是具体执行日配送时，按分拣配货要求，在理货场地所做的少量储存准备 。,配送中的储存有储备及暂存两种形态。 配送储备储备数量较大，储存更加有计划性。暂存，是具体执行日配送时，按分拣配货要求，在理货场地所做的少量储存准备 。,10
按货架的结构特点分类：层架、层格架、橱架、抽屉架等,按货架的结构特点分类：层架、层格架、橱架、抽屉架等,10
保税仓库，是指经海关批准设立的专门存放保税货物及其他未办结海关手续货物的仓库。,保税仓库，是指经海关批准设立的专门存放保税货物及其他未办结海关手续货物的仓库。,10
根据成本的性质可将仓储成本分为固定成本和变动成本两部分。,根据成本的性质可将仓储成本分为固定成本和变动成本两部分。,10
货至人前拣选方式是指将货物移动到人或拣选机旁，由人或拣选机拣选出所需的货物。,货至人前拣选方式是指将货物移动到人或拣选机旁，由人或拣选机拣选出所需的货物。,10
运输主体（人或者是货物）透过运输工具（或交通工具与运输路径），由甲地移动至乙地，完成某个经济目的的行为称为运输。,运输是指运输主体（人或者是货物）透过运输工具（或交通工具与运输路径），由甲地移动至乙地，完成某个经济目的的行为。,10
配货：使用各种拣选设备和传输装置，将存放的货物，按客户的要求分拣出来，配备齐全，送入指定发货区。,配货：使用各种拣选设备和传输装置，将存放的货物，按客户的要求分拣出来，配备齐全，送入指定发货区。,10
相关程度决定因素：两个区域之间传递的物流量的大小，物流量越大，关系密切程度就越高，否则就低；两个区域之间业务交流的频繁程度，如人员接触、文件传递等。前者称物流相关，后者称活动相关或非物流相关。,相关程度决定于两个因素：一是两个区域之间传递的物流量的大小，物流量越大，关系密切程度就越高，否则就低；二是两个区域之间业务交流的频繁程度，如人员接触、文件传递等。前者称物流相关，后者称活动相关或非物流相关。,10
运输方式按运输设备及运输工具可分为：公路运输；铁路运输；水路运输和航空运输；,运输方式按运输设备及运输工具分类：公路运输；铁路运输；水路运输；航空运输；,10
入库作业管理包括：收货；组盘和注册；上架,入库作业管理包括：收货；组盘和注册；上架,10
批量拣取是把多张订单集合成一批次，按商品品种类别将数量加总后再进行分拣，分拣完后再按客户订单进行分类处理的拣货作业方式，又称“播种式”。,批量拣取是把多张订单集合成一批次，按商品品种类别将数量加总后再进行分拣，分拣完后再按客户订单进行分类处理的拣货作业方式，又称“播种式”。,10
依据顾客的订货要求或配送中心的送货计划，迅速、准确地将商品向从其储位或其他区域拣取出来，并按一定的方式进行分类、集中，等待配装送货的作业过程就是拣货作业。,依据顾客的订货要求或配送中心的送货计划，迅速、准确地将商品向从其储位或其他区域拣取出来，并按一定的方式进行分类、集中，等待配装送货的作业过程就是拣货作业。,10
将零星物品集中成批量物品称为集货。,将零星物品集中成批量物品称为集货。,10
分区分类应考虑的因素：物品所需的储存条件；仓库空间利用率；地坪载荷；仓库设施条件。,分区分类应考虑的因素：仓库设施条件。,3
做好绩效管理的关键是建立明确的切实可行的KPI体系。,做好绩效管理的关键是建立明确的切实可行的KPI体系。,10
配送作业流程：顾客下单；订单处理；拣货；配货；配装；配送；流通加工；进货；,顾客下单；配货；配装；配送；,5
人至货前拣选方式的特点：货物处于静态储存方式，要求货物必须是小型，且出货量较少。,货物处于静态储存方式，要求货物必须是小型，且出货量较多。,7
集中不同客户的配送货物，进行搭配装载，以充分利用运能、运力的工作是配装。,配装是指集中不同客户的配送货物，进行搭配装载，以充分利用运能、运力的工作。,10
合计后拣货、效率较高；盘亏较少是批量分拣的优点。,合计后拣货、效率较高；盘亏较少是批量分拣的优点。,10
运输方式按运输中途是否换载可分为直达运输和中转运输。,运输方式按运输中途是否换载分类：直达运输；中转运输；,10
检尺求积是对以体积为计量单位的物品，先检尺、后求体积所做的数量验收。,检尺求积是对以体积为计量单位的物品，先检尺、后求体积所做的数量验收。,10
人力作业的安全操作要求：在合适的作业环境和符合条件下进行作业；尽量采用机械作业；做好安全防护工作；专人指挥；合理安排休息时间。,人力作业的安全操作要求：在合适的作业环境和符合条件下进行作业；尽量采用机械作业；做好安全防护工作；专人指挥；合理安排休息时间。,10
整合按单分拣方式，主要应用在每个订单只有一种品项的场合，为了提高输配送的效率，将某一地区的订单整合成一张拣货单，做一次分拣后，集中捆包出库。它属于按单分拣的一种变形方式,整合按单分拣方式，主要应用在每个订单只有一种品项的场合，将某一地区的订单整合成一张拣货单，做一次分拣后，集中捆包出库。,8
将物品按品种、出入库先后顺序进行分门别类堆放的作业就是分拣。,将物品按品种、出入库先后顺序进行分门别类堆放的作业就是分拣。,10
进货作业包含接收商品、装卸搬运、码托盘、核对该商品的数量及质量和签单，然后将有关信息书面化等一系列工作。,进货作业包括接收商品、装卸搬运、码托盘、核对该商品的数量及质量（主要是外表质量）和签单，然后将有关信息书面化等一系列工作。,10
储位划分的形式包括：仓库内部平面布局、仓库内部空间布局。,储位划分的形式包括：仓库内部平面布局、仓库内部空间布局。,10
物品验收方式分为全验和抽验。,物品验收方式：全验。,5
安全库存：是指为了防止不确定性因素（如大量突发性订货、交货期突然延期、临时用量增加、交货误期等特殊原因）而预计的保险储备量（缓冲库存）,安全库存：是指为了防止不确定性因素（如大量突发性订货、交货期突然延期、临时用量增加、交货误期等特殊原因）而预计的保险储备量（缓冲库存）,10
设施是指除人员、设备以外的一切硬件，具体包括办公室、休息室、仓储区、拣货区、收货区和出货区等等区域空间的安排及一些消防设施等周边硬件。 ,设施是指除人员、设备以外的一切硬件，具体包括办公室、休息室、仓储区、拣货区、收货区和出货区等等区域空间的安排及一些消防设施等周边硬件。 ,10
按单拣选产生的问题：商品品种多时，拣货行走路线过长，拣取效率低；    拣取区域大时，搬运系统设计困难；少量、多批次拣取时，会造 成拣货路径重复费高，效率降低。,按单拣选产生的问题：商品品种多时，拣货行走路线过长，拣取效率低；    拣取区域大时，搬运系统设计困难；少量、多批次拣取时，会造 成拣货路径重复费高，效率降低。,10
按货架的发展分类：传统式货架、新型货架,传统式货架,5
MRP包含：原料、生产、销售、产品结构。 ,MRP包含：原料、生产、销售、产品结构。 ,10
普通仓库是用于存放无特殊保管要求的物品的仓库。,普通仓库是用于存放无特殊保管要求的物品的仓库。,10
相关程度决定因素：两个区域之间传递的物流量的大小，物流量越大，关系密切程度就越高，否则就低；两个区域之间业务交流的频繁程度，如人员接触、文件传递等。前者称物流相关，后者称活动相关或非物流相关。,相关程度决定因素：两个区域之间传递的物流量的大小，物流量越大，关系密切程度就越高，否则就低；两个区域之间业务交流的频繁程度，如人员接触、文件传递等。前者称物流相关，后者称活动相关或非物流相关。,10
子标签拣选系统（DPS），是以一连串装于货架格位上的电子显示装置(电子标签)取代拣货单，指示应拣取的物品及数量，辅助捡货人员的作业，减少目视寻找的时间。,装于货架格位上的电子显示装置取代拣货单，指示应拣取的物品及数量，辅助捡货人员的作业，减少目视寻找的时间。,9
苫盖方法包括：就垛苫盖法、鱼鳞式苫盖法、固定棚架苫盖法、活动棚架苫盖法、隔离苫盖法。,苫盖方法包括：就垛苫盖法、鱼鳞式苫盖法、固定棚架苫盖法、活动棚架苫盖法、隔离苫盖法。,10
配送中心：为了顺利、有序、方便地向客户发送商品，对组织来的各种货物进行整理，并依据订单要求进行组合的过程。,对组织来的各种货物进行整理，并依据订单要求进行组合的过程。,7
影响仓库平面布置的因素：仓库的专业化程度、仓库的规模和功能。,影响仓库平面布置的因素：仓库的专业化程度、仓库的规模和功能。,10
根据仓库的主要功能不同可分为：储备库和物流库。,根据仓库的主要功能不同可分为：储备库和物流库。,10
依据拣货信息，拣货信息包括多种形式，最常见的就是拣货单是拣货的依据。,拣货依据：依据拣货信息，拣货信息包括多种形式，最常见的就是拣货单。,10
对货物进行储存的区域称为保管储区。,对货物进行储存的区域称为保管储区。,10
成组堆码：指采用成组工具现将物品组成一组、使其堆存单元扩大，从而可以用装卸机械成组搬运、装卸。,成组堆码：指采用成组工具现将物品组成一组、使其堆存单元扩大，从而可以用装卸机械成组搬运、装卸。,10
直线制的优点：结构简单、权力集中、责任分明、命令统一、联系简捷；直线制的缺点：管理职能集中由一人承担，容易发生较大失误；部门间协调差 。,直线制的优点：结构简单、权力集中、责任分明、命令统一、联系简捷；直线制的缺点：管理职能集中由一人承担，容易发生较大失误；部门间协调差 。,10
储位编码包括：库房编号、库房内货位编号、货架上的货位编号、货场货位编号。,储位编码包括：库房编号、库房内货位编号、货架上的货位编号、货场货位编号。,10
衡量仓储企业经营管理水平和管理质量高低的重要标志是仓储成本。,仓储成本是衡量仓储企业经营管理水平和管理质量高低的重要标志。,10
呆品废品改善对策包括：A验收时力求严格把关，防止不合格货品混入；B检讨储存方法、设备与养护条件，防止货品变质。特别是对货品的有效期管理更应重视。C随时掌握库存水平。特别是滞销品的处置，减少呆废货品积压资金和占用库存。,呆品废品改善对策包括：A验收时力求严格把关，防止不合格货品混入；B检讨储存方法、设备与养护条件，防止货品变质。特别是对货品的有效期管理更应重视。C随时掌握库存水平。特别是滞销品的处置，减少呆废货品积压资金和占用库存。,10
配送中心规划的原则有：动态原则；低运费原则；服务和竞争原则；交通便利原则；统筹原则。,配送中心规划的原则：动态原则；低运费原则；服务和竞争原则；交通便利原则；统筹原则。,10
自动化立体仓库是指入库采用运送机械存放取出，用堆垛机等设备进行机械化自动化作业的高层货架仓库。,自动化立体仓库是指入库采用运送机械存放取出，用堆垛机等设备进行机械化自动化作业的高层货架仓库。,10
仓储作业质量的指标包含：货损货差率；设备完好率；保管损耗率；账务差异率；收发货差错率。,仓储作业质量的指标包含：货损货差率；设备完好率；保管损耗率；账务差异率；收发货差错率。,10
配送中心作业区域规划程序包含：活动关系的分析；区域位置的布置；流程动线分析；实体限制的修正。,配送中心作业区域规划程序包含：活动关系的分析；区域位置的布置；流程动线分析；实体限制的修正。,10
重心法的缺点有：一般此法是根据可变成本来进行选址的，没有区分在不同地点物流配送中心或网点所需资本成本的差异；该方法假设运费随距离呈线性变化，而实际生活中运费常常是随距离增大而递减；配送中心和其他网络节点之间的路线通常假定为直线，且被选地址是连续的，这都不符合实际情况。,重心法的缺点：首先，一般此法是根据可变成本来进行选址的，没有区分在不同地点物流配送中心或网点所需资本成本的差异；其次，该方法假设运费随距离呈线性变化，而实际生活中运费常常是随距离增大而递减；另外，配送中心和其他网络节点之间的路线通常假定为直线，且被选地址是连续的，这都不符合实际情况。,10
DBMS是一种操作和管理数据库的大型软件，可用于建立、使用和维护数据库。物流系统中的库存、货位、入出库记录等重要数据都是通过DBMS管理的。,DBMS是一种操作和管理数据库的大型软件。物流系统中的数据都是通过DBMS管理的。,6
拣选是按订单或出库单的要求，从储存场所选出物品，并放置指定地点的作业,拣选是按订单或出库单的要求，从储存场所选出物品，并放置指定地点的作业,10
配装用来解决在单个客户配送数量不能达到车辆的有效运载负荷时，如何集中不同客户的配送货物，进行搭配装载以充分利用运能、运力的问题。,配装用来解决在单个客户配送数量不能达到车辆的有效运载负荷时，如何集中不同客户的配送货物，进行搭配装载以充分利用运能、运力的问题。,10
仓库一般只做外观检验和尺寸精度检验两种。,仓库一般只做外观检验。,5
ERP的功能模块包含：供应链管理、销售与市场、分销、客户服务、财务管理、制造管理、库存管理、工厂与设备维护、人力资源、报表、制造执行系统、工作流服务和企业信息系统等。此外，还包括金融投资管理、质量管理、运输管理、项目管理、法规与标准和过程控制等补充功能。,ERP的功能模块：供应链管理、销售与市场、分销、客户服务、财务管理、制造管理、库存管理、工厂与设备维护、人力资源、报表、制造执行系统、工作流服务和企业信息系统等。此外，还包括金融投资管理、质量管理、运输管理、项目管理、法规与标准和过程控制等补充功能。,10
配送运输一般使用汽车做运输工具，是一种较短距离、较小规模、额度较高的运输形式。,配送运输一般使用汽车做运输工具，是一种较短距离、较小规模、额度较高的运输形式。,10
订单处理作业所面临的问题包括：如何简化在零售商的订单处理方面的订货作业；如何提高订货资料；正确性如何快速下单。如何简化在配送中心的订单处理方面的接单作业；如何处理量多繁杂的订货资料；如何掌握订单进度。,订单处理作业所面临的问题包括：如何简化在零售商的订单处理方面的订货作业；如何提高订货资料；正确性如何快速下单。如何简化在配送中心的订单处理方面的接单作业；如何处理量多繁杂的订货资料；如何掌握订单进度。,10
运输管理系统是一种“供应链”分组下的操作软件。它能通过多种方法和其他相关的操作一起提高物流的管理能力；,运输管理系统，英文缩写“TMS”，是一种“供应链”分组下的（基于网络的）操作软件。它能通过多种方法和其他相关的操作一起提高物流的管理能力；,10
狭义的物流节点仅指现代物流意义的物流（配送）中心、物流园区和配送网点。,狭义的物流节点仅指现代物流意义的物流（配送）中心、物流园区和配送网点。,10
物品储存的安全性指标，主要用发生的各种事故的大小和次数来表示，主要有人身伤亡、仓库失火、爆炸、被盗、机械损坏事故几类。,物品储存的安全性指标，主要用发生的各种事故的大小和次数来表示，主要有人身伤亡、仓库失火、爆炸、机械损坏事故几类。,9
复合分拣是指按订单品项、数量和出库频率决定哪些订单适合按单分拣，哪些订单适合批量分拣。是按单分拣与批量分拣的组合运用。,复合分拣是指按订单品项、数量和出库频率决定哪些订单适合按单分拣，哪些订单适合批量分拣。是按单分拣与批量分拣的组合运用。,10
《物流术语》中规定运输是：用专用运输设备将物品从一个地点向另一地点运送。其中包括集货、分配、搬运、中转、装入、卸下、分散等一系列操作。,我国国家标准《物流术语》对运输的定义是：用专用运输设备将物品从一个地点向另一地点运送。其中包括集货、分配、搬运、中转、装入、卸下、分散等一系列操作。,10
重心法的优点有：数据容易搜集，计算简单，容易理解。由于通常不需要对物流系统进行整体评估，所以在单一设施选址时常采用解析方法。 ,重心法的优点：数据容易搜集，计算简单，容易理解。由于通常不需要对物流系统进行整体评估，所以在单一设施选址时常采用解析方法。 ,10
盘点的意义包括：A查清实际库存数量；B计算企业资产的损益，掌握盘点周期内的亏盈状况；C发现仓库、现场管理中存在的问题，加强管理，防微杜渐；D掌握物品的存货水平，呆滞物料的情况及物品的周转状况；E发现并清除吊滞料，理整环境、清除死角；F有效整顿仓库、现场等物料存放。,盘点的意义包括：A查清实际库存数量；B计算企业资产的损益，掌握盘点周期内的亏盈状况；C发现仓库、现场管理中存在的问题，加强管理，防微杜渐；D掌握物品的存货水平，呆滞物料的情况及物品的周转状况；E发现并清除吊滞料，理整环境、清除死角；F有效整顿仓库、现场等物料存放。,10
配送中的储存有储备及暂存两种形态。 配送储备储备数量较大，储存更加有计划性。暂存，是具体执行日配送时，按分拣配货要求，在理货场地所做的少量储存准备 。,配送中的储存有储备及暂存两种形态。 配送储备储备数量较大，储存更加有计划性。暂存，是具体执行日配送时，按分拣配货要求，在理货场地所做的少量储存准备 。,10
空间布局的主要形式有：物品堆垛；利用货架；采用架上平台。,空间布局的主要形式有：物品堆垛；利用货架；采用架上平台。,10
仓储管理系统中基础数据管理包括：用户数据；部门数据；货位数据；客户主数据；物流主数据；订单类数据；其他数据,仓储管理系统中基础数据管理包括：用户数据；部门数据；货位数据；客户主数据；物流主数据；订单类数据；其他数据,10
存货人向仓库提出入库申请的书面形式，叫“入库通知单”，起到预报信息的作用。,存货人向仓库提出入库申请的书面形式，叫“入库通知单”，起到预报信息的作用。,10
配送模式有自营配送模式、共同配送模式和第三方配送三种。,配送模式有自营配送模式、共同配送模式和第三方配送三种。,10
对物流价值的事前计划与控制以及事后的分析与评估，以衡量配送中心配送系统和配送活动全过程的投入与产出状况的分析技术与方法是配送中心绩效评价。,对物流价值的事前计划与控制以及事后的分析与评估，以衡量配送中心配送系统和配送活动全过程的投入与产出状况的分析技术与方法是配送中心绩效评价。,10
装卸搬运作业成本分析与控制包括：合理选择装卸搬运机具；提高物品装卸搬运的活性化与可运性；利用重力作用，减少能量消耗；合理选择装卸搬运方式；改进装卸搬运作业方法。,装卸搬运作业成本分析与控制包括：合理选择装卸搬运机具；利用重力作用，减少能量消耗；改进装卸搬运作业方法。,7
典型的仓储企业组织结构形式：直线制组织结构形式、直线职能制组织结构形式、事业部制组织结构形式。,典型的仓储企业组织结构形式：直线制组织结构形式、直线职能制组织结构形式、事业部制组织结构形式。,10
直线制的优缺点：优点——结构简单、权力集中、责任分明、命令统一、联系简捷；缺点——管理职能集中由一人承担，容易发生较大失误；部门间协调差 。,优点——权力集中；缺点——部门间协调差 。,2
拣货单位是指拣货作业中拣取货物的包装单位。订货单位合理化主要是避免过小单位出现在订单中，减少作业量与误差，如订货的最小单位是箱，则不要以单品为拣货单位。  ,拣货单位是指拣货作业中拣取货物的包装单位。订货单位合理化主要是避免过小单位出现在订单中，减少作业量与误差，如订货的最小单位是箱，则不要以单品为拣货单位。  ,10
配货检查的方法包括：人工检查法、条码检查法、声音输入检查法、重量计算检查法。,配货检查的方法有：人工检查法、条码检查法、声音输入检查法、重量计算检查法。,10
直线制组织结构形式是由一个上级直接管理多个下级的一种组织结构形式。,直线制组织结构形式是由多个上级直接管理多个下级的一种组织结构形式。,7
补货作业：从保管区域将货品移到另一个为了做订单拣取的动管拣货区域，然后将此迁移作业做书面上之处理。,补货作业：从保管区域将货品移到另一个为了做订单拣取的动管拣货区域，然后将此迁移作业做书面上之处理。,10
自由贸易区 （Free Trade Zone，简称FTZ）是指在贸易和投资等方面比世贸组织有关规定更加优惠的贸易安排；在主权国家或地区的关境以外，划出特定的区域，准许外国商品豁免关税自由进出。,自由贸易区 （Free Trade Zone，简称FTZ）是指在贸易和投资等方面比世贸组织有关规定更加优惠的贸易安排；在主权国家或地区的关境以外，划出特定的区域，准许外国商品豁免关税自由进出。,10
订单处理作业所面临的问题：在零售商的订单处理方面——如何简化订货作业；如何提高订货资料；正确性如何快速下单。在配送中心的订单处理方面——如何简化接单作业；如何处理量多繁杂的订货资料；如何掌握订单进度。,如何简化订货作业；如何提高订货资料；正确性如何快速下单。如何简化接单作业；如何处理量多繁杂的订货资料；如何掌握订单进度。,8
组织结构建立的原则：任务目标原则、精简原则、专业分工与协作原则、指挥统一原则、责权利相结合原则、有效管理幅度原则、稳定性和适应性相结合原则。,组织结构建立的原则：任务目标原则、精简原则、专业分工与协作原则、指挥统一原则、责权利相结合原则、有效管理幅度原则、稳定性和适应性相结合原则。,10
仓库内部空间布局也称为仓库内部竖向布局，指储存物品在仓库立体空间上的布局，其目的在于充分有效地利用仓库空间。,仓库内部空间布局也称为仓库内部竖向布局，指储存物品在仓库立体空间上的布局，其目的在于充分有效地利用仓库空间。,10
配送作业中拣货包装单位通常有以下四种：单件、托盘、箱、特殊物品。,单件、托盘、特殊物品。,7
按货架的可动性分类：固定式货架、移动式货架、旋转式货架、组合货架、可调式货架、流动储存货架,按货架的可动性分类：固定式货架、移动式货架,4
仓库防火防爆的具体措施：控制可燃物；隔绝空气；消除引火源；阻止火势蔓延；灭火器的使用,仓库防火防爆的具体措施：控制可燃物；隔绝空气；消除引火源；阻止火势蔓延；灭火器的使用,10
订单处理的方式：人工处理；计算机处理。,订单处理的方式：人工处理；计算机处理。,10
按货架的适用性分类：通用货架、专用货架,按货架的适用性分类：通用货架、专用货架,10
配送作业中拣货包装单位：单件、托盘、箱、特殊物品。,配送作业中拣货包装单位：单件、托盘、箱、特殊物品。,10
封闭式仓库：俗称库房，该结构的仓库封闭性强，便于对仓储物进行维护保养，适于存放保管要求比较高的物品。,封闭式仓库：俗称库房，该结构的仓库封闭性强，便于对仓储物进行维护保养，适于存放保管要求比较高的物品。,10
RFID的组成：标签、阅读器和天线。,RFID的组成：标签、阅读器和天线。,10
质量包括商品的质量优劣以及各项物流各项物流作业的特殊的质量指标：如耗损、缺货、呆滞品、维修、退货、延迟交货、事故、误差率等。,质量，不仅包括商品的质量优劣，还包括各项物流各项物流作业的特殊的质量指标：如耗损、缺货、呆滞品、维修、退货、延迟交货、事故、误差率等。,10
备货作业成本分析与控制包括：合理选择备货作业方式；合理安排仓储空间，降低备货成本；加强货位管理，提高备货作业效率。,备货作业成本分析与控制包括以下内容：合理选择备货作业方式；合理安排仓储空间，降低备货成本；加强货位管理，提高备货作业效率。,10
半封闭式仓库：俗称货棚，其保管条件不如库房，但是出入库作业比较方便，且建造成本较低，适宜存放那些对温湿度要求不高且出入库频繁的物品。,半封闭式仓库：俗称货棚，其保管条件不如库房，但是出入库作业比较方便，且建造成本较低，适宜存放那些对温湿度要求不高且出入库频繁的物品。,10
无线射频识别：通过一种无线电讯号和微芯片标签识别特定目标并读写相关数据的通讯技术。,无线射频识别（RFID）是通过一种无线电讯号和微芯片标签识别特定目标并读写相关数据的通讯技术。,10
人员负担和时间耗用是配送中心绩效评价的指标,人员负担和时间耗用是配送中心绩效评价的指标,10
物品出库时的“三核”指的是：在发货时，要核对凭证、核对账卡、核对实物。,物品出库时的“三核”指的是：在发货时，要核对凭证、核对账卡、核对实物。,10
马克思将运输称之为“第四个物质生产部门”，它是国民经济的基础和先行。,运输是国民经济的基础和先行，马克思将运输称之为“第四个物质生产部门”。,10
拣货作业流程：生成拣货资料、行走或搬运、拣取和分类与集中。,拣货作业过程，由生成拣货资料、行走或搬运、拣取和分类与集中几个环节组成。,10
合计后拣货、效率较高；盘亏较少是批量分拣的优点。,批量分拣的优点：合计后拣货、效率较高；盘亏较少。,10
仓储成本分析与控制包括： 存储成本分析与控制；装卸搬运作业成本分析与控制；备货作业成本分析与控制；人工费用的分析与控制；包装作业成本分析与控制；机具物料和燃料的成本控制；提高仓储服务质量，降低仓储成本；降低机会成本和风险成本。,仓储成本分析与控制包括以下方面： 存储成本分析与控制；装卸搬运作业成本分析与控制；备货作业成本分析与控制；人工费用的分析与控制；包装作业成本分析与控制；机具物料和燃料的成本控制；提高仓储服务质量，降低仓储成本；降低机会成本和风险成本。,10
配送作业中拣货包装单位通常有以下四种：单件、托盘、箱、特殊物品。,配送作业中拣货包装单位通常有以下四种：单件、托盘、箱、特殊物品。,10
仓储成本分析与控制包括： 存储成本分析与控制；装卸搬运作业成本分析与控制；备货作业成本分析与控制；人工费用的分析与控制；包装作业成本分析与控制；机具物料和燃料的成本控制；提高仓储服务质量，降低仓储成本；降低机会成本和风险成本。,仓储成本分析与控制包括： 存储成本分析与控制；装卸搬运作业成本分析与控制；备货作业成本分析与控制；人工费用的分析与控制；包装作业成本分析与控制；机具物料和燃料的成本控制；提高仓储服务质量，降低仓储成本；降低机会成本和风险成本。,10
如果一个物品不常进出库、我们就叫它“低物动量”。,如果一个物品不常进出库、我们就叫它“低物动量”。,10
物品损耗标准包括：标准损耗率、保管损耗率。,物品损耗标准包括：标准损耗率、保管损耗率。,10
配装：配送中心按存货客户的指令，根据目的地、发货数量、线路等对待发货的物品进行配车并装车的活动。,配装（goods matching）指配送中心按存货客户的指令，根据目的地、发货数量、线路等对待发货的物品进行配车并装车的活动。,10
条码的类别包括 ：商品条码、物流条码和二维条码。,条码的类别 ：商品条码、物流条码、二维条码。,10
叉车是指具有各种叉具，能够对物品进行升降和移动以及装卸作业的搬运车辆。,能够对物品进行升降和移动以及装卸作业的搬运车辆。,7
仓储管理是围绕着在库“物品”的管理，即对在库“物”的管理。,仓储管理是围绕着在库“物品”的管理，即对在库“物”的管理。,10
物流相关分析就是对配送中心各区域间传递的物流量大小进行分析，用物流量的大小表示各功能区域之间的物流相关程度，分为A、E、I、O、U五个等级。,物流相关分析即对配送中心各区域间传递的物流量大小进行分析，用物流量的大小表示各功能区域之间的物流相关程度，分成五个等级，分别用A、E、I、O、U表示。,10
常见的组织结构形式：直线制；职能制；直线职能制；矩阵制。,直线制；矩阵制。,5
作业流程规划以后就可以根据配送中心的运营特性规划所需要的作业区域。其中作业区域包括物流作业区域、辅助作业区域和事务活动区域。,作业流程规划以后就可以根据配送中心的运营特性规划所需要的作业区域。其中作业区域包括物流作业区域、辅助作业区域和事务活动区域。,10
订单类型：一般交易订单；兑换券交易订单；现销式交易订单；间接交易订单；合约式交易订单；寄库式交易订单。,一般交易订单；兑换券交易订单；合约式交易订单；寄库式交易订单。,7
分区、订单分割、订单分批、分类是决定分拣策略的主要因素,决定分拣策略的四个主要因素：分区、订单分割、订单分批、分类,10
人至货前拣选方式的特点包括：货物处于静态储存方式，要求货物必须是小型，且出货量较少。,人至货前拣选方式的特点：货物处于静态储存方式，要求货物必须是小型，且出货量较少。,10
马克思将运输称之为“第四个物质生产部门”，它是国民经济的基础和先行。,马克思将运输称之为“第四个物质生产部门”，它是国民经济的基础和先行。,10
仓储作业效益的指标包含：工资利润率；成本利润率；资金利润率；利润总额；收入利润率；每吨物品保管利润。,反映仓储作业效益的指标：工资利润率；成本利润率；资金利润率；利润总额；收入利润率；每吨物品保管利润。,10
保管人储存存货人交付的仓储物，存货人支付仓储费的合同称为仓储合同,仓储合同，又称仓储保管合同，是保管人储存存货人交付的仓储物，存货人支付仓储费的合同。,10
盘点前的准备：决策准备；人员准备；环境整理； 盘点工具准备；盘点前指导。,盘点前的准备包括：决策准备；人员准备；环境整理； 盘点工具准备；盘点前指导。,10
做好储存准备工作中的物资准备：指货位、仓储笼、托盘、垫板、集装袋、拉伸缠绕膜、装卸搬运工具、保管保养机具、包装物以及消防灭火器材等物品的准备。,做好储存准备工作中的物资准备：指货位、仓储笼、托盘、垫板、集装袋、拉伸缠绕膜、装卸搬运工具、保管保养机具、包装物以及消防灭火器材等物品的准备。,10
条码由一组规则排列的条、空及其对应代码组成，表示商品特定信息的标识。,条码由一组规则排列的条、空及其对应代码组成，表示商品特定信息的标识。,10
做好储存准备工作中的心理准备：指货物在库期间，对货物保管和保养工作量及质量的心理预期。,做好储存准备工作中的心理准备：指货物在库期间，对货物保管和保养工作量及质量的心理预期。,10
按订单拣取作业又称作“摘果式”、“人到货前式”、“订单别拣选” 或“单一顺序拣选”等。原理是分拣人员或分拣工具巡回于各个储存点，按订单所列商品及数量，将客户所订购的商品逐一由仓库储位或其它作业区中取出，然后集中在一起的一种传统拣货方式。  ,按订单拣取作业原理是：分拣人员或分拣工具巡回于各个储存点，按订单所列商品及数量，将客户所订购的商品逐一由仓库储位或其它作业区中取出，然后集中在一起的一种传统拣货方式，又称作“摘果式”、“人到货前式”、“订单别拣选” 或“单一顺序拣选”等。  ,10
绩效评价又称为“性能评价”或“绩效考核”，是指运用一定的技术方法，采用特定的指标体系，依据统一的评价标准，按照一定的程序，通过定量、定性对比分析，对业绩和效益做出客观、标准的综合判断，真实反映现时状况，预测未来发展前景的管理控制系统。,绩效评价又称为“性能评价”或“绩效考核”，是指运用一定的技术方法，采用特定的指标体系，依据统一的评价标准，按照一定的程序，通过定量、定性对比分析，对业绩和效益做出客观、标准的综合判断，真实反映现时状况，预测未来发展前景的管理控制系统。,10
配装是指进行搭配装载以充分利用运能、运力。在单个客户配送数量不能达到车辆的有效运载负荷时，就存在如何集中不同客户的配送货物的问题。,配装：在单个客户配送数量不能达到车辆的有效运载负荷时，就存在如何集中不同客户的配送货物，进行搭配装载以充分利用运能、运力的问题。,10
按单拣选产生的问题包括：商品品种多时，拣货行走路线过长，拣取效率低；拣取区域大时，搬运系统设计困难；少量、多批次拣取时，会造 成拣货路径重复费高，效率降低。,按单拣选产生的问题：商品品种多时，拣货行走路线过长，拣取效率低；    拣取区域大时，搬运系统设计困难；少量、多批次拣取时，会造 成拣货路径重复费高，效率降低。,10
仓库除了注意调节仓库温湿度外，还要注意虫鼠害、霉腐、锈蚀的防治。,仓库除了注意调节仓库温湿度外，还要注意虫鼠害、霉腐、锈蚀的防治。,10
商品养护员是指对库存商品进行保养维护的人员。,商品养护员是指对库存商品进行保养维护的人员。,10
拣货目的：正确且迅速地集合客户所订购的货品。,迅速地集合货品。,5
条形码的识读原理是根据不同颜色的物体的反射的可见光的波长不同，光电转换器接收到不同强弱的反射光信号，并转换成相应的电信号并进行放大后输出。,条形码的识读原理：根据不同颜色的物体，其反射的可见光的波长不同，光电转换器接收到不同强弱的反射光信号，并转换成相应的电信号并进行放大后输出。,10
仓储管理是指对仓储设施布局和设计以及仓储作业所进行的计划、组织、协调和控制。,仓储管理是指对仓储设施布局和设计以及仓储作业所进行的计划、组织、协调和控制。,10
仓库通道一般包括主通道和支通道以及副道。,仓库通道一般包括主通道和支通道以及副道。,10
顾客订单是配送服务质量得以保证的基础，是配送服务的第一个环节。,顾客订单是配送服务质量得以保证的基础，是配送服务的第一个环节。,10
订单处理通常包括订单确认、存货查询、单据处理等内容。是指从接到客户订单开始到着手准备拣货之间的作业阶段。,订单处理是指：从接到客户订单开始到着手准备拣货之间的作业阶段。通常包括订单确认、存货查询、单据处理等内容。,10
订单类型包含：一般交易订单；兑换券交易订单；现销式交易订单；间接交易订单；合约式交易订单；寄库式交易订单。,订单类型：一般交易订单；兑换券交易订单；现销式交易订单；间接交易订单；合约式交易订单；寄库式交易订单。,10
直线制组织结构形式是由一个上级直接管理多个下级的一种组织结构形式。,直线制组织结构形式是由一个上级直接管理多个下级的一种组织结构形式。,10
仓库平面布置的要求：仓库平面布置要适应仓储作业过程的要求，要有利于仓储作业的顺利进行；仓库平面布置要有利于提高仓储经济效益；仓库平面布置要有利于保证安全和职工的健康。,仓库平面布置的要求：仓库平面布置要有利于提高仓储经济效益；仓库平面布置要有利于保证安全和职工的健康。,6
人至货前拣选方式：人到储存区寻找并取出所需要的货物。,人至货前拣选方式是指人(或人乘拣选车)到储存区寻找并取出所需要的货物。,10
在仓库中，质量验收主要指物品外观检验，由仓库保管职能机构组织进行。,在仓库中，质量验收主要指物品外观检验。,5
集货是指将分散的或小批量的物品集中起来，以便进行运输、配送的作业 。,集货是指将分散的或小批量的物品集中起来，以便进行运输、配送的作业 。,10
合理选择备货作业方式有：全面分拣、批处理分拣、分区分拣、分组分拣。,合理选择备货作业方式有：全面分拣、批处理分拣、分区分拣、分组分拣。,10
仓储货品的验收问题的主要内容包括：验收项目，验收方法，验收期限。,仓储货品的验收问题的主要内容有三项：一是验收项目，二是验收方法，三是验收期限。,10
订单处理的主要内容：订单内容确认；订单接收；订单资料输出 ；存货查询及依订单分配存货 。,订单处理的主要内容：订单内容确认；订单接收；订单资料输出 ；存货查询及依订单分配存货 。,10
仓库一般只做外观检验和尺寸精度检验两种。,仓库一般只做外观检验和尺寸精度检验两种。,10
进货作业包含接收商品、装卸搬运、码托盘、核对该商品的数量及质量和签单，然后将有关信息书面化等一系列工作。,进货作业包含接收商品、装卸搬运、码托盘、核对该商品的数量及质量和签单，然后将有关信息书面化等一系列工作。,10
矩阵制优点：打破单向领导，加强了管理部门间的联系和配合，有利于信息沟通和共同决策，提高工作的效率；把不同的专业人员组织在一起，有利于激发人们的积极性和创造性，提高技术水平和管理水平；把完成任务所需的各种专业知识和经验集中在一起，提高了管理组织的机动性和灵活性。,打破单向领导，提高了管理组织的机动性和灵活性。,3
ABC分析法，就是以某类库存物资品种数占物资品种数的百分数和该类物资金额占库存物资总金额的百分数大小为标准，将库存物资分为A、B、C三类，进行分级管理。,ABC分析法，就是以某类库存物资品种数占物资品种数的百分数和该类物资金额占库存物资总金额的百分数大小为标准，将库存物资分为A、B、C三类，进行分级管理。,10
批量拣取又称“播种式”，是指把多张订单集合成一批次，按商品品种类别将数量加总后再进行分拣，分拣完后再按客户订单进行分类处理的拣货作业方式。,批量拣取是把多张订单集合成一批次，按商品品种类别将数量加总后再进行分拣，分拣完后再按客户订单进行分类处理的拣货作业方式，又称“播种式”。,10
入库作业准备包括：货位的准备、苫垫材料的准备、验收及装卸搬运器械的准备、人员及单证的准备。,入库作业准备包括：货位的准备、苫垫材料的准备、验收及装卸搬运器械的准备、人员及单证的准备。,10
配送运输的特点：组合最佳路线，使配装和路线有效搭配，工作难度较大。,如何组合成最佳路线，如何使配装和路线有效搭配等，是配送运输的特点，也是难度较大的工作。,10
分货作业：在拣货作业完成之后，将所拣选的货品根据不同的顾客或配送路线进行的分类，对其中需要经过流通加工的商品拣选集中后，先按流通加工方式分类，分别进行加工处理，再按送货要求分类出货的过程。,分货作业是在拣货作业完成之后，将所拣选的货品根据不同的顾客或配送路线进行的分类，对其中需要经过流通加工的商品拣选集中后，先按流通加工方式分类，分别进行加工处理，再按送货要求分类出货的过程。,10
设施空间利用率是指针对空间利用度、有效度要考虑。一句话，提高单位土地面积的使用效率。,设施空间利用率就是针对空间利用度、有效度要考虑。一句话，提高单位土地面积的使用效率。,10
直线职能制的优缺点：优点——命令统一，职责明确，专业化管理程度较高，组织稳定。它既保证了管理体系的集中统一，又可以在各级行政负责人的领导下，充分发挥各专业管理机构的作用；缺点——职能部门之间缺乏交流、协作和配合，职能部门与行政负责人之间容易产生摩擦，组织系统的灵敏度较低，下级的许多工作要直接向上层领导报告请示才能处理，常常造成企业运作效率低下。,优点——命令统一，职责明确，专业化管理程度较高，组织稳定。缺点——组织系统的灵敏度较低，下级的许多工作要直接向上层领导报告请示才能处理，常常造成企业运作效率低下。,4
顾客订单是配送服务的第一个环节，也是配送服务质量得以保证的基础。,顾客订单是配送服务的第一个环节，也是配送服务质量得以保证的基础。,10
配送要素：集货、储存、分拣和拣选、配货、配装、配送运输、送达服务。,配送要素：集货、储存、分拣和拣选、配货、配装、配送运输、送达服务。,10
配送运输是较短距离、较小规模、额度较高的运输形式，一般使用汽车做运输工具。,配送运输是较短距离、较小规模、额度较高的运输形式，一般使用汽车做运输工具。,10
仓储合同的验收包括：验收项目、验收方法、验收期限。,包括：验收项目、验收期限。,7
仓储企业在储存物品过程中，包含装卸搬运、存储保管、流通加工、收发物品等各个环节，和建造、购置仓库等设施设备所消耗的人力、物力、财力及风险成本的总和是指仓储成本。,仓储成本是指仓储企业在储存物品过程中，包括装卸搬运、存储保管、流通加工、收发物品等各个环节，和建造、购置仓库等设施设备所消耗的人力、物力、财力及风险成本的总和。,10
接运卸货一共分为以下情况：场站接货、专用线接车、仓库自行接货、库内接货。,接运卸货一共分为以下情况：场站接货、专用线接车、仓库自行接货、库内接货。,10
订单准备；订单传输；订单录入；订单履行；订单跟踪构成了订单处理的基本流程。,订单准备；订单传输；订单录入；订单履行；订单跟踪构成了订单处理的基本流程。,10
MRP包含：原料、生产、销售、产品结构。 ,MRP包含几个要素：原料、生产、销售、产品结构。 ,10
常用的拣选作业主要有两种，单一拣选和批量拣选。,常用的拣选作业主要有两种，单一拣选和批量拣选。,10
通过对组织内部流程的输入端、输出端的关键参数进行设置、取样、计算、分析，衡量流程绩效的一种目标式量化管理指标，把企业的战略目标分解为可操作的工作目标的工具，企业绩效管理的基础是关键绩效指标。,通过对组织内部流程的输入端、输出端的关键参数进行设置、取样、计算、分析，衡量流程绩效的一种目标式量化管理指标，把企业的战略目标分解为可操作的工作目标的工具，企业绩效管理的基础是关键绩效指标。,10
入库作业计划是存货人发货和仓库部门入库前准备的依据。,入库作业计划是存货人发货和仓库部门入库前准备的依据。,10
RFID的特点：非接触识别，它能穿透雪、雾、冰、涂料、尘垢、高速运动的物体和条形码无法使用的恶劣环境阅读标签，并且阅读速度极快；保密性强。,RFID的特点：非接触识别，它能穿透雪、雾、冰、涂料、尘垢、高速运动的物体和条形码无法使用的恶劣环境阅读标签，并且阅读速度极快；,8
订单处理的基本原则包括：使客户产生信赖感；尽量缩短订货周期；提供紧急订货 ；减少缺货现象；不忽略小客户；装配力求完整；提供对客户有利的包装；要随时提供订单处理的情况。,订单处理的基本原则包括：使客户产生信赖感；尽量缩短订货周期；提供紧急订货 ；减少缺货现象；不忽略小客户；装配力求完整；提供对客户有利的包装；要随时提供订单处理的情况。,10
订单处理的方式包括人工处理和计算机处理。,订单处理的方式：人工处理；计算机处理。,10
分区、订单分割、订单分批、分类是决定分拣策略的主要因素,分区、订单分割、订单分批、分类是决定分拣策略的主要因素,10
绩效管理是指各级管理者和员工为了达到组织目标共同参与的绩效计划制定、绩效实施、绩效评价、绩效评估结果应用、绩效目标提升的持续循环过程，以持续提升个人和组织的绩效。,绩效管理： 各级管理者和员工为了达到组织目标共同参与的绩效计划制定、绩效实施、绩效评价、绩效评估结果应用、绩效目标提升的持续循环过程，以持续提升个人和组织的绩效。,10
人至货前拣选方式的特点：货物处于静态储存方式，要求货物必须是小型，且出货量较少。,人至货前拣选方式的特点：货物处于静态储存方式，要求货物必须是小型，且出货量较少。,10
根据成本的性质可将仓储成本分为固定成本和变动成本两部分。,固定成本,4
一般形成三级仓储管理层次，即决策层、执行监督层和仓库作业层。,一般形成三级仓储管理层次，即决策层、执行监督层和仓库作业层。,10
电子标签根据其功能可以分为传统电子标签和智慧型电子标签。,电子标签根据其功能可以分为传统电子标签和智慧型电子标签。,10
库存控制是对物品的在库“数量”进行控制的管理，即对在库“量”的管理。,库存控制是对物品的在库“数量”进行控制的管理，即对在库“量”的管理。,10
使配送不同于一般形式的送货以及其他物流形式的重要支持性工作是分拣，分拣是配送中心作业系统的核心。,分拣是使配送不同于一般形式的送货以及其他物流形式的重要支持性工作，是配送中心作业系统的核心。,10
出库作业管理包括：波次运算；补货；拣选；复核包装；集货；发货,波次运算；补货；拣选；复核包装；,6
配送模式：自营配送模式；共同配送模式；第三方配送。,配送模式：自营配送模式；共同配送模式；第三方配送。,10
拣货目的：正确且迅速地集合客户所订购的货品。,拣货目的：正确且迅速地集合客户所订购的货品。,10
利用自动分类机及分辨系统完成分货就是自动分类机分货。,自动分类机分货是指利用自动分类机及分辨系统完成分货。,10
补货作业的策划必须满足“确保有货可配”和“将待配商品放置在存取都方便的位置”两个前提。,补货作业的策划必须满足两个前提，即“确保有货可配”和“将待配商品放置在存取都方便的位置”。,10
电子标签功能包括：品种、库位指示； 出库数量显示；操作完成信息确认,电子标签功能：品种、库位指示； 出库数量显示；操作完成信息确认,10
在仓储企业中，一般包括保管员、理货员、商品养护员等岗位。,保管员、理货员,6
反映仓储作业效益的指标：工资利润率；成本利润率；资金利润率；利润总额；收入利润率；每吨物品保管利润。,反映仓储作业效益的指标：工资利润率；成本利润率；资金利润率；利润总额；收入利润率；每吨物品保管利润。,10
仓储作业设施设备利用程度的指标包含：仓库货物周转率；单位面积储存量；仓库空间利润率；设备利润率。,仓储作业设施设备利用程度的指标包含：仓库货物周转率；单位面积储存量；仓库空间利润率；设备利润率。,10
重心法的优点有：数据容易搜集，计算简单，容易理解。由于通常不需要对物流系统进行整体评估，所以在单一设施选址时常采用解析方法。 ,重心法的优点有：数据容易搜集，计算简单，容易理解。由于通常不需要对物流系统进行整体评估，所以在单一设施选址时常采用解析方法。 ,10
影响分拣作业效率的重要因素是分拣策略，对不同的订单需求应该采取不同的分拣策略。,分拣策略是影响分拣作业效率的重要因素，对不同的订单需求应采取不同的分拣策略。,10
仓储作业质量的指标包含：货损货差率；设备完好率；保管损耗率；账务差异率；收发货差错率。,反映仓储作业质量的指标：货损货差率；设备完好率；保管损耗率；账务差异率；收发货差错率。,10
利用自动分类机及分辨系统完成分货就是自动分类机分货。,利用自动分类机及分辨系统完成分货就是自动分类机分货。,10
评估时间效率主要是指掌握单位时间内收入、产出量、作业单元数及各作业时间比率。,评估时间效率主要是指掌握单位时间内收入、产出量、作业单元数及各作业时间比率。,10
按货架的载货方式分类：悬臂式货架、橱柜式货架、棚板式货架,悬臂式货架、橱柜式货架,6
专用型保税仓库：保税仓库中专门用来存储具有特定用途或特殊种类商品的仓库。,专用型保税仓库：保税仓库中专门用来存储具有特定用途或特殊种类商品的仓库。,10
电子标签拣货系统是一种计算机辅助的无纸化的拣货系统，采用计算机传输拣选指令到操作者面前的显示屏上，导引操作者完成规定的作业。,电子标签拣货系统是一种计算机辅助的无纸化的拣货系统，采用计算机传输拣选指令到操作者面前的显示屏上，导引操作者完成规定的作业。,10
仓储企业在储存物品过程中，包含装卸搬运、存储保管、流通加工、收发物品等各个环节，和建造、购置仓库等设施设备所消耗的人力、物力、财力及风险成本的总和是指仓储成本。,仓储企业在储存物品过程中，包含装卸搬运、存储保管、流通加工、收发物品等各个环节，和建造、购置仓库等设施设备所消耗的人力、物力、财力及风险成本的总和是指仓储成本。,10
反映仓储作业质量的指标：货损货差率；设备完好率；保管损耗率；账务差异率；收发货差错率。,反映仓储作业质量的指标：货损货差率；设备完好率；保管损耗率；账务差异率；收发货差错率。,10
运输方式按运输作用的不同可分为集货运输和配送运输。,运输方式按运输作用的不同可分为集货运输和配送运输。,10
质量检验包括外观检验、尺寸精度检验、机械物理性能检验和化学成分检验四种形式。,质量检验包括外观检验、尺寸精度检验、机械物理性能检验和化学成分检验四种形式。,10
基于目标对运行结果的衡量是绩效评价。,基于目标对运行结果的衡量是绩效评价。,10
仓储货品的验收问题的主要内容包括：验收项目，验收方法，验收期限。,仓储货品的验收问题的主要内容包括：验收项目，验收方法，验收期限。,10
配货：使用各种拣选设备和传输装置，将存放的货物，按客户的要求分拣出来，配备齐全，送入指定发货区。,将存放的货物，按客户的要求分拣出来，配备齐全，送入指定发货区。,8
库内接货是指仓储企业在仓库内接到存货委托人送来的物品。,库内接货是指仓储企业在仓库内接到存货委托人送来的物品。,10
寄售维修保税仓库，是指专门存储为维修外国产品所进口寄售零配件的保税仓库。,寄售维修保税仓库，是指专门存储为维修外国产品所进口寄售零配件的保税仓库。,10
企业资源计划即 ERP (Enterprise Resource Planning)，由美国 Gartner Group 公司于1990年提出。企业资源计划是 MRP II（企业制造资源计划）下一代的制造业系统和资源计划软件。,企业资源计划是 MRP II（企业制造资源计划）下一代的制造业系统和资源计划软件。,5
重心法是一种精确解析方法，适于单中心选址问题。利用求平面物体重心的原理求物流系统中配送重心的设置位置而得名。,重心法是一种精确解析方法，适于单中心选址问题。利用求平面物体重心的原理求物流系统中配送重心的设置位置而得名。,10
出库作业流程包括以下作业环节：出库凭证审核、出库准备、出库验收、出库点交与销账、装载上车、发运、清理等。 ,出库作业流程包括以下作业环节：出库凭证审核、出库准备、出库验收、出库点交与销账、装载上车、发运、清理等。 ,10
公用型保税仓库：由主营仓储业务的中国境内独立企业法人经营，专门向社会提供保税仓储服务。,公用型保税仓库：由主营仓储业务的中国境内独立企业法人经营，专门向社会提供保税仓储服务。,10
库存管理是指利用有效的方法和现代的技术手段在保证供应的前提下实现对库存物品数量上的有效控制，进而实现库存物品量的最低化，甚至实现零库存。,库存管理是指利用有效的方法和现代的技术手段在保证供应的前提下实现对库存物品数量上的有效控制，进而实现库存物品量的最低化，甚至实现零库存。,10
周转库存：指因订货以每次一批的方式进行时形成的周期性库存。,周转库存：指因订货以每次一批的方式进行时形成的周期性库存。,10
补货作业的策划必须满足“确保有货可配”和“将待配商品放置在存取都方便的位置”两个前提。,补货作业的策划必须满足“确保有货可配”和“将待配商品放置在存取都方便的位置”两个前提。,10
入库作业管理有：收货；组盘和注册；上架,入库作业管理包括：收货；组盘和注册；上架,10
顾客订单是配送服务的第一个环节，也是配送服务质量得以保证的基础。,配送服务质量得以保证的基础,4
按货架的封闭程度分类：敞开式货架、半封闭式货架、封闭式货架,按货架的封闭程度分类：敞开式货架、半封闭式货架、封闭式货架,10
作业方法简单；订单处理前置时间短；导入容易且作业弹性大；作业员责任明确，作业容易组织；拣货后不必再进行分类作业是按单分拣的优点。,按单分拣的优点：作业方法简单；订单处理前置时间短；导入容易且作业弹性大；作业员责任明确，作业容易组织；拣货后不必再进行分类作业。,10
规划是用来拟定根据决策目标应采取的行动，是一种方法；为整个物流活动过程选择合理的作业方式、正确的行动方向是规划的目的。,规划是用来拟定根据决策目标应采取的行动，是一种方法；为整个物流活动过程选择合理的作业方式、正确的行动方向是规划的目的。,10
WCS 即仓库控制系统，是介于WMS系统和PLC系统之间的一层管理控制系统。,WCS 即仓库控制系统，是介于WMS系统和PLC系统之间的一层管理控制系统。,10
露天式仓库：俗称货场，其最大的优点是装卸作业极其方便，适宜存放较大型的物品。,露天式仓库：俗称货场，其最大的优点是装卸作业极其方便，适宜存放较大型的物品。,10
定量库存控制法也称为订购点法，是以固定订购点和订购批量为基础的一种库存量控制方法。,定量库存控制法也称为订购点法，是以固定订购点和订购批量为基础的一种库存量控制方法。,10
仓储作业设施设备利用程度的指标包含：仓库货物周转率；单位面积储存量；仓库空间利润率；设备利润率。,反映仓储作业设施设备利用程度的指标：仓库货物周转率；单位面积储存量；仓库空间利润率；设备利润率。,10
每一个企业经营评估的重要指标是人员作业效率的考核分析。人员利用率评估主要包含：人员编制、员工待遇、人员效率。,每一个企业经营评估的重要指标是人员作业效率的考核分析。人员利用率评估主要包含：人员编制、员工待遇、人员效率。,10
批量拣取又称“播种式”，是指把多张订单集合成一批次，按商品品种类别将数量加总后再进行分拣，分拣完后再按客户订单进行分类处理的拣货作业方式。,批量拣取又称“播种式”，是指把多张订单集合成一批次，按商品品种类别将数量加总后再进行分拣，分拣完后再按客户订单进行分类处理的拣货作业方式。,10
使用物美价廉的包装材料；包装作业机械化，提高包装效率；采用大包装，尽量使包装简单化，节约包装材料；利用原有包装，加贴新标签。组成了包装作业成本分析与控制的主要内容。,包装作业成本分析与控制包括以下内容：使用物美价廉的包装材料；包装作业机械化，提高包装效率；采用大包装，尽量使包装简单化，节约包装材料；利用原有包装，加贴新标签。,10
配送运输有短距离、小批量、高频率的特点。,配送运输通常是一种短距离、小批量、高频率。,10
货架是指用立柱、隔板或横梁等组成的例题储存物品的设施。,货架是指用立柱组成的例题储存物品的设施。,6
储位划分的依据：分区分类应考虑的因素；分区分类方法。,储位划分的依据：分区分类方法。,5
直线制；职能制；直线职能制；矩阵制等构成了常见的组织结构形式。,常见的组织结构形式：直线制；职能制；直线职能制；矩阵制。,10
智能型分批方式的优点：分批时已考虑到订单的类似性及拣货路径的顺序，使拣货效率更进一步提高。智能型分批方式的缺点：所需软件技术层次较高不易达成，且信息处理的前置时间较长，若发生紧急插单处理作业较为困难。,智能型分批方式的优缺点：优点——分批时已考虑到订单的类似性及拣货路径的顺序，使拣货效率更进一步提高。缺点——所需软件技术层次较高不易达成，且信息处理的前置时间较长，若发生紧急插单处理作业较为困难。,10
物品出库作业是仓储作业管理的最后一步，也是仓储作业管理的重要环节。,物品出库作业是仓储作业管理的最后一步，也是仓储作业管理的重要环节。,10
衡量仓储企业经营管理水平和管理质量高低的重要标志是仓储成本。,衡量仓储企业经营管理水平和管理质量高低的重要标志是仓储成本。,10
绩效评价又称为“性能评价”或“绩效考核”，是指运用一定的技术方法，采用特定的指标体系，依据统一的评价标准，按照一定的程序，通过定量、定性对比分析，对业绩和效益做出客观、标准的综合判断，真实反映现时状况，预测未来发展前景的管理控制系统。,绩效评价：又称“性能评价”，也译为“绩效考核”，是指运用一定的技术方法，采用特定的指标体系，依据统一的评价标准，按照一定的程序，通过定量、定性对比分析，对业绩和效益做出客观、标准的综合判断，真实反映现时状况，预测未来发展前景的管理控制系统。,10
拣选是按订单或出库单的要求，从储存场所选出物品，并放置指定地点的作业,按订单要求，放置指定地点,3
重心法是一种精确解析方法，适于单中心选址问题。利用求平面物体重心的原理求物流系统中配送重心的设置位置而得名。,重心法：利用求平面物体重心的原理求物流系统中配送重心的设置位置而得名。是一种精确解析方法，适于单中心选址问题。,10
RFID的特点包括：保密性强；非接触识别，能穿透雪、雾、涂料、高速运动的物体和条形码无法使用的恶劣环境阅读标签，并且阅读速度极快；。,RFID的特点包括：保密性强；非接触识别，能穿透雪、雾、涂料、高速运动的物体和条形码无法使用的恶劣环境阅读标签，并且阅读速度极快；。,10
分拣作业目的在于正确且迅速地集合顾客所订购的商品。,正确且迅速地集合商品。,5
配货是指使用各种拣选设备和传输装置，将存放的货物，按客户的要求分拣出来，配备齐全，送入指定发货区。,配货是指使用各种拣选设备和传输装置，将存放的货物，按客户的要求分拣出来，配备齐全，送入指定发货区。,10
配送中心作业方案规划阶段包括：功能流程设计； 平面及设施布置； 信息系统规划； 作业流程设计； 组织结构及人员配置； 制定进度计划；  建设成本的概算 。,配送中心作业方案规划阶段包括：功能流程设计； 平面及设施布置； 信息系统规划； 作业流程设计； 组织结构及人员配置； 制定进度计划；  建设成本的概算 。,10
依据顾客的订货要求或配送中心的送货计划，迅速、准确地将商品向从其储位或其他区域拣取出来，并按一定的方式进行分类、集中，等待配装送货的作业过程就是拣货作业。,拣货作业：依据顾客的订货要求或配送中心的送货计划，迅速、准确地将商品向从其储位或其他区域拣取出来，并按一定的方式进行分类、集中，等待配装送货的作业过程。,10
企业资源计划，由 Gartner Group 公司于1990年提出。企业资源计划是 MRP II下一代的制造业系统和资源计划软件。,企业资源计划，由 Gartner Group 公司于1990年提出。企业资源计划是 MRP II下一代的制造业系统和资源计划软件。,10
物品出库时的“五检查”指的是：对单据和实物要进行品名检查、规格检查、包装检查、数量检查、重量检查。,物品出库时的“五检查”指的是：对单据和实物要进行品名检查、规格检查、包装检查、数量检查、重量检查。,10
数量检验分为三种形式：计件、检斤、检尺求积。,数量检验分为三种形式：计件、检斤、检尺求积。,10
批量分拣的优点：合计后拣货、效率较高；盘亏较少。,批量分拣的优点：合计后拣货、效率较高；盘亏较少。,10
按单拣选产生的问题包括：商品品种多时，拣货行走路线过长，拣取效率低；拣取区域大时，搬运系统设计困难；少量、多批次拣取时，会造 成拣货路径重复费高，效率降低。,按单拣选产生的问题包括：商品品种多时，拣货行走路线过长，拣取效率低；拣取区域大时，搬运系统设计困难；少量、多批次拣取时，会造 成拣货路径重复费高，效率降低。,10
专用线接车就是专门为某企业修建或使用的铁路专用线，一般为支线。许多大批整车物品接运采用此方法。,专用线接车就是专门为某企业修建或使用的铁路专用线，一般为支线。许多大批整车物品接运采用此方法。,10
动管储区：在拣货作业时所使用的拣货区域。此区域的货品大多在短时期即将被拣取出货，其货品在储位上流动频率很高所以称为动管储区,动管储区是指：在拣货作业时所使用的拣货区域。此区域的货品大多在短时期即将被拣取出货，其货品在储位上流动频率很高所以称为动管储区,10
配送中心绩效评价的目标包括：改进配送运作程序，调整运作方式；了解配送中心空间、人员、设施、物品、订单、时间、成本、品质、作业规划等各个要素的状况，以便采取改进的措施；评价配送业务各部门和人员的工作绩效，达到激励员工、优化配送运作效率的目的；通过评价服务水平和配送成本，并与以往进行比较分析，向管理者和客户提供绩效评估报告。,配送中心绩效评价的目标：改进配送运作程序，调整运作方式；了解配送中心空间、人员、设施、物品、订单、时间、成本、品质、作业规划等各个要素的状况，以便采取改进的措施；评价配送业务各部门和人员的工作绩效，达到激励员工、优化配送运作效率的目的；通过评价服务水平和配送成本，并与以往进行比较分析，向管理者和客户提供绩效评估报告。,10
按订单或出库单的要求，从储存场所选出物品，并放置指定地点的作业就是拣选,按订单或出库单的要求，从储存场所选出物品，并放置指定地点的作业就是拣选,10
影响分拣作业效率的重要因素是分拣策略，对不同的订单需求应该采取不同的分拣策略。,影响分拣作业效率的重要因素是分拣策略，对不同的订单需求应该采取不同的分拣策略。,10
订单处理是指：从接到客户订单开始到着手准备拣货之间的作业阶段。通常包括订单确认、存货查询、单据处理等内容。,从接到客户订单开始到着手准备拣货之间的作业阶段。,6
备货作业成本分析与控制包括以下内容：合理选择备货作业方式；合理安排仓储空间，降低备货成本；加强货位管理，提高备货作业效率。,备货作业成本分析与控制包括以下内容：合理选择备货作业方式；合理安排仓储空间，降低备货成本；加强货位管理，提高备货作业效率。,10
事业部制组织结构形式是一种较为复杂的仓储组织结构形式，它是在总公司领导下，以某项职能为事业部，实行统一管理、分散经营的管理方法。,事业部制组织结构形式是一种较为复杂的仓储组织结构形式，以某项职能为事业部，实行统一管理、分散经营的管理方法。,8
储存分拣转运就是物品抵达仓库时先入库，等待客户下达指令后经过分拣送抵客户。,储存分拣转运就是物品抵达仓库时先入库，等待客户下达指令后经过分拣送抵客户。,10
流通加工是指物品在从生产领域向消费领域流动的过程中，流通主体为了完善流通服务功能，促进销售、维护产品质量和提高物流效率而开展的一项活动。,流通加工是指物品在从生产领域向消费领域流动的过程中，流通主体为了完善流通服务功能，促进销售、维护产品质量和提高物流效率而开展的一项活动。,10
盘点方法可分为两类，一类是人机盘点，一类是人工盘点。,盘点方法可分为两类，一类是人机盘点，一类是人工盘点。,10
集中存储货物，保持合理的库存；控制物流费用；避免迂回运输和相向运输等不合理现象；提高服务质量，扩大销售等都是配送中心规划目标应考虑的因素。,集中存储货物，保持合理的库存；控制物流费用；避免迂回运输和相向运输等不合理现象；提高服务质量，扩大销售等都是配送中心规划目标应考虑的因素。,10
MRP是一种保证既不出现短缺，也不积压库存的计划方法，是ERP系统的核心功能模块。,MRP(Material Resource Planning)：是一种保证既不出现短缺，也不积压库存的计划方法，是ERP系统的核心功能模块。,10
仓储成本是指仓储企业在储存物品过程中，包括装卸搬运、存储保管、流通加工、收发物品等各个环节，和建造、购置仓库等设施设备所消耗的人力、物力、财力及风险成本的总和。,仓储成本是指仓储企业在储存物品过程中，包括装卸搬运、存储保管、流通加工、收发物品等各个环节，和建造、购置仓库等设施设备所消耗的人力、物力、财力及风险成本的总和。,10
盘点方式包括：定期盘点和临时盘点。,盘点方式包括：定期盘点和临时盘点。,10
持续改善组织和个人绩效，最终实现企业战略目标是绩效管理的根本目的；绩效管理是一种管理思想，渗透在企业管理的整个过程之中，涉及企业文化、战略和计划、组织、人力资源、领导、激励、统计与控制等各个方面。,绩效管理的根本目的：持续改善组织和个人绩效，最终实现企业战略目标；绩效管理作为一种管理思想，渗透在企业管理的整个过程之中，涉及企业文化、战略和计划、组织、人力资源、领导、激励、统计与控制等各个方面。,10
按订单拣取是指分别按每份订单拣货，即分拣完一个订单后，再分拣下一个订单。,按订单拣取是指分别按每份订单拣货，即分拣完一个订单后，再分拣下一个订单。,10
使配送不同于一般形式的送货以及其他物流形式的重要支持性工作是分拣，分拣是配送中心作业系统的核心。,使配送不同于一般形式的送货以及其他物流形式的重要支持性工作是分拣，分拣是配送中心作业系统的核心。,10
配货作业的主要形式包括 ：单一配货作业、集中配货作业,配货作业的主要形式包括 ：单一配货作业、集中配货作业,10
运输方式按运输中途是否换载可分为直达运输和中转运输。,运输方式按运输中途是否换载可分为直达运输和中转运输。,10
盘点作业：为了对库存商品的数量进行有效控制，并查清商品在库房中的质量状况，必须定期对各储存场所进行清点作业的过程。 ,为了对库存商品的数量进行有效控制，并查清商品在库房中的质量状况，必须定期对各储存场所进行清点作业，这一过程我们称为盘点作业。 ,10
仓库所指的温度包括气温、库温及垛温。,仓库所指的温度包括气温、库温及垛温。,10
矩阵制缺点：组织成员不是固定的，易产生临时的观念，对工作有一定的影响；双重领导，难免发生矛盾，也不易分清责任。,矩阵制缺点：组织成员不是固定的，易产生临时的观念，对工作有一定的影响；双重领导，难免发生矛盾，也不易分清责任。,10
配送中心是从事配送业务且具有完善信息网络的场所或组织。,配送中心是从事配送业务且具有完善信息网络的场所或组织。,10
时间最容易看出整体作业能力的高低，是衡量效率最直接的因素。,时间最容易看出整体作业能力的高低，是衡量效率最直接的因素。,10
条码：是由一组规则排列的条、空及其对应代码组成，是表示商品特定信息的标识。 ,条码：是由一组规则排列的条、空及其对应代码组成，是表示商品特定信息的标识。 ,10
如何组合成最佳路线，如何使配装和路线有效搭配等，是配送运输的特点，也是难度较大的工作。,如何组合成最佳路线，如何使配装和路线有效搭配等，是配送运输的特点,9
MRP是一种保证既不出现短缺，也不积压库存的计划方法，是ERP系统的核心功能模块。,MRP是一种保证既不出现短缺，也不积压库存的计划方法，是ERP系统的核心功能模块。,10
物流成本的重要组成部分也叫仓储成本，它直接影响物流成本的高低。,仓储成本是物流成本的重要组成部分，对物流成本的高低有直接影响。,10
盘点方法包含：以帐或物区分的帐面存货盘点、实物存货盘点；以盘点区域区分的全面盘点、分类盘点；以盘点周期区分的定期盘点、不定期盘点。,盘点方法：以帐或物区分——帐面存货盘点、实物存货盘点；以盘点区域区分——全面盘点、分类盘点；以盘点周期区分——定期盘点、不定期盘点。,10
仓库自行接货是指仓储企业直接到存货委托人指定的企业接货的一种方式。,仓库自行接货是指仓储企业直接到存货委托人指定的企业接货的一种方式。,10
5S：是指整理、整顿、清扫、清洁、素养。,5S：是指整理、整顿、清扫、清洁、素养。,10
配装用来解决在单个客户配送数量不能达到车辆的有效运载负荷时，如何集中不同客户的配送货物，进行搭配装载以充分利用运能、运力的问题。,在单个客户配送数量不能达到车辆的有效运载负荷时，就存在如何集中不同客户的配送货物，进行搭配装载以充分利用运能、运力的问题，这就需要配装。,10
仓储是指利用仓库及相关设施设备进行物品的入库、存贮、出库的活动。,仓储是指利用仓库及相关设施设备进行物品的入库、存贮、出库的活动。,10
配送模式有自营配送模式、共同配送模式和第三方配送三种。,配送模式：自营配送模式；共同配送模式；第三方配送。,10
电子标签根据其功能可以分为传统电子标签和智慧型电子标签。,智慧型电子标签。,5
运输系统包括运输线路、运输节点 、运输工具及运输的参与者。,运输系统的构成要素包括运输线路、运输节点 、运输工具及运输的参与者。,10
矩阵制优点：打破单向领导，加强了管理部门间的联系和配合，有利于信息沟通和共同决策，提高工作的效率；把不同的专业人员组织在一起，有利于激发人们的积极性和创造性，提高技术水平和管理水平；把完成任务所需的各种专业知识和经验集中在一起，提高了管理组织的机动性和灵活性。,矩阵制优点：打破单向领导，加强了管理部门间的联系和配合，有利于信息沟通和共同决策，提高工作的效率；把不同的专业人员组织在一起，有利于激发人们的积极性和创造性，提高技术水平和管理水平；把完成任务所需的各种专业知识和经验集中在一起，提高了管理组织的机动性和灵活性。,10
整合按单分拣方式，主要应用在每个订单只有一种品项的场合，为了提高输配送的效率，将某一地区的订单整合成一张拣货单，做一次分拣后，集中捆包出库。它属于按单分拣的一种变形方式,整合按单分拣方式，主要应用在每个订单只有一种品项的场合，为了提高输配送的效率，将某一地区的订单整合成一张拣货单，做一次分拣后，集中捆包出库。它属于按单分拣的一种变形方式,10
分拣作业就是将用户所订的货物从储存保管处取出，按用户分类、集中、处理、放置。,分拣作业就是将用户所订的货物从储存保管处取出，按用户分类、集中、处理、放置。,10
企业资源计划，由 Gartner Group 公司于1990年提出。企业资源计划是 MRP II下一代的制造业系统和资源计划软件。,企业资源计划即 ERP (Enterprise Resource Planning)，由美国 Gartner Group 公司于1990年提出。企业资源计划是 MRP II（企业制造资源计划）下一代的制造业系统和资源计划软件。,10
所谓“物动量”，就是物品运动的量。,所谓“物动量”，就是物品运动的量。,10
补货作业的目的包括：保证拣货区随时有货可拣，能够及时满足客户订货的需要，以提高拣货的效率。,补货作业的目的是：保证拣货区随时有货可拣，能够及时满足客户订货的需要，以提高拣货的效率。,10
定期库存控制法是以固定的检查和订购周期为基础的一种库存量控制方法。,定期库存控制法是以固定的检查和订购周期为基础的一种库存量控制方法。,10
托盘是物流过程中承载货物的集装单元化工具之一，是与搬运装卸机械配套使用的重要的集装器具。,托盘是物流过程中承载货物的集装单元化工具之一。,5
盘点：是指定期或临时对库存物品的实际数量清查、清点的作业。,盘点：是指定期或临时对库存物品的实际数量清查、清点的作业。,10
储调中心以储备为主要工作内容，其功能与传统仓库基本一致。,储调中心以储备为主要工作内容，其功能与传统仓库基本一致。,10
子标签拣选系统：以一连串装于货架格位上的电子显示装置取代拣货单，指示应拣取的物品及数量，辅助捡货人员的作业，减少目视寻找的时间。,子标签拣选系统（DPS），是以一连串装于货架格位上的电子显示装置(电子标签)取代拣货单，指示应拣取的物品及数量，辅助捡货人员的作业，减少目视寻找的时间。,10
组织结构建立的原则：任务目标原则、精简原则、专业分工与协作原则、指挥统一原则、责权利相结合原则、有效管理幅度原则、稳定性和适应性相结合原则。,任务目标原则、精简原则、责权利相结合原则、有效管理幅度原则、稳定性和适应性相结合原则。,7
集中配货作业是指同时为多个客户进行配货服务。,集中配货作业是指同时为多个客户进行配货服务。,10
配送中心绩效评价的作用包括：提出和追踪配送运作目标及完成情况，并进行不同层次和角度的分析与评价，实现对配送活动的事前控制；判断配送运作目标的可行性和完成程度，进而调整配送目标；提升配送绩效；是企业内部监控的有效工具和方法；分析与评估配送运作的资源素质与能力，确定配送企业发展战略。,配送中心绩效评价的作用包括：提出和追踪配送运作目标及完成情况，并进行不同层次和角度的分析与评价，实现对配送活动的事前控制；判断配送运作目标的可行性和完成程度，进而调整配送目标；提升配送绩效；是企业内部监控的有效工具和方法；分析与评估配送运作的资源素质与能力，确定配送企业发展战略。,10
盘点的原因有：是否常发现仓库有不明物品，没标示，没数量，状态不明确？生产计划制定过程中，是否经常出现产品多计划或少计划，造成库存积压和短缺现象？库房现场是否经常凌乱，物料急用时一时难于找到?仓库、现场的盘点是否经常出现异常（数量不准、漏盘、多盘等等），是我们盘点中哪一个环节出现了问题?,盘点的原因：是否常发现仓库有不明物品，没标示，没数量，状态不明确？生产计划制定过程中，是否经常出现产品多计划或少计划，造成库存积压和短缺现象？库房现场是否经常凌乱，物料急用时一时难于找到?仓库、现场的盘点是否经常出现异常（数量不准、漏盘、多盘等等），是我们盘点中哪一个环节出现了问题?,10
人至货前拣选方式的特点包括：货物处于静态储存方式，要求货物必须是小型，且出货量较少。,人至货前拣选方式的特点包括：货物处于静态储存方式，要求货物必须是小型，且出货量较少。,10
分拣的动作由自动的机械负责，电子信息输入后自动完成分拣作业，无须人手介入。大致可分为合流、分拣识别、分拣分流和分运四个分段。,分拣的动作由自动的机械负责，须人手介入。大致可分为合流、分拣识别、分拣分流和分运四个分段。,6
仓储主要由以下几个部分组成：物品储存作业区，验收、分发作业区，管理室及生活间，其他辅助设施等。,仓储主要由以下几个部分组成：物品储存作业区，验收、分发作业区，管理室及生活间，其他辅助设施等。,10
订单处理的基本原则：要使客户产生信赖感；尽量缩短订货周期；提供紧急订货 ；减少缺货现象；不忽略小客户；装配力求完整；提供对客户有利的包装；要随时提供订单处理的情况。,订单处理的基本原则：要使客户产生信赖感；尽量缩短订货周期；提供紧急订货 ；减少缺货现象；不忽略小客户；装配力求完整；提供对客户有利的包装；要随时提供订单处理的情况。,10
对货物进行储存的区域称为保管储区。,保管储区：是指对货物进行储存的区域。,10
拣货作业过程，由生成拣货资料、行走或搬运、拣取和分类与集中几个环节组成。,拣货作业过程，由生成拣货资料、行走或搬运、拣取和分类与集中几个环节组成。,10
垛牌：为了保管及时掌握物品资料，需要在或多上挂有过关该垛物品的资料标签。,垛牌：为了保管及时掌握物品资料，需要在或多上挂有过关该垛物品的资料标签。,10
按货架的封闭程度分类：敞开式货架、半封闭式货架、封闭式货架,按货架的封闭程度分类：敞开式货架,3
物品出库时，在保证库存物品的价值和使用价值不变的前提下，坚持“先进先出”的原则。,物品出库时，在保证库存物品的价值和使用价值不变的前提下，坚持“先进先出”的原则。,10
配送中心作业方案规划阶段包括：功能流程设计； 平面及设施布置； 信息系统规划； 作业流程设计； 组织结构及人员配置； 制定进度计划；  建设成本的概算 。,配送中心作业方案规划阶段：功能流程设计； 平面及设施布置； 信息系统规划； 作业流程设计； 组织结构及人员配置； 制定进度计划；  建设成本的概算 。,10
补货方式：整箱补货；整托补货；货架之间的补货。,补货方式：整箱补货；整托补货；货架之间的补货。,10
仓库内部平面布局有：横列式、纵列式、混合式。,仓库内部平面布局有：横列式、混合式。,7
仓库专业化程度主要与库存物品的种类有关。,仓库专业化程度与库存物品有关。,6
订单处理的基本流程：订单准备；订单传输；订单录入；订单履行；订单跟踪。,订单准备；订单传输。,4
配送运输一般使用汽车做运输工具，是一种较短距离、较小规模、额度较高的运输形式。,配送运输是较短距离、较小规模、额度较高的运输形式，一般使用汽车做运输工具。,10
盘点内容包括：数量盘点、重量盘点、账实核对、账卡核对、账账核对。,盘点内容包括：数量盘点、重量盘点、账实核对、账卡核对、账账核对。,10
订单处理是指：从接到客户订单开始到着手准备拣货之间的作业阶段。通常包括订单确认、存货查询、单据处理等内容。,订单处理是指：从接到客户订单开始到着手准备拣货之间的作业阶段。通常包括订单确认、存货查询、单据处理等内容。,10
储位划分的目的：一是为了提高仓库平面和空间利用率，另一方面是为了提高物品保管质量，方便出入库作业，从而降低物品的仓储处置成本。,储位划分的目的：一是为了提高仓库平面和空间利用率，另一方面是为了提高物品保管质量，方便出入库作业，从而降低物品的仓储处置成本。,10
合理选择备货作业方式包括：全面分拣、批处理分拣、分区分拣、分组分拣。,合理选择备货作业方式包括：全面分拣、批处理分拣、分区分拣、分组分拣。,10
流通加工是指物品在从生产领域向消费领域流动的过程中，流通主体为了完善流通服务功能，促进销售、维护产品质量和提高物流效率而开展的一项活动。,流通加工：物品在从生产领域向消费领域流动的过程中，流通主体（即流通当事人）为了完善流通服务功能，促进销售、维护产品质量和提高物流效率而开展的一项活动。,10
为了顺利、有序、方便地向客户发送商品，对组织来的各种货物进行整理，并依据订单要求进行组合的部门就是配送中心。,为了顺利、有序、方便地向客户发送商品，对组织来的各种货物进行整理，并依据订单要求进行组合的部门就是配送中心。,10
固定订单量分批方法的优点：维持稳定的拣货效率，使自动化的拣货、分类设备得以发挥最大功效。固定订单量分批方法的缺点：订单的商品总量变化不宜太大，否则会造成分类作业的不经济。,固定订单量分批方法的优缺点：优点——维持稳定的拣货效率，使自动化的拣货、分类设备得以发挥最大功效。缺点——订单的商品总量变化不宜太大，否则会造成分类作业的不经济。,10
分货作业：在拣货作业完成之后，将所拣选的货品根据不同的顾客或配送路线进行的分类，对其中需要经过流通加工的商品拣选集中后，先按流通加工方式分类，分别进行加工处理，再按送货要求分类出货的过程。,分货作业：在拣货作业完成之后，将所拣选的货品根据不同的顾客或配送路线进行的分类，对其中需要经过流通加工的商品拣选集中后，先按流通加工方式分类，分别进行加工处理，再按送货要求分类出货的过程。,10
配送中心选址前要先确定建设配送中心的数量及网络结构图。,配送中心选址前，首先要确定建设配送中心的数量及网络结构图。,10
运输管理系统，英文缩写“TMS”，是一种“供应链”分组下的（基于网络的）操作软件。它能通过多种方法和其他相关的操作一起提高物流的管理能力；,是一种操作软件。它能通过多种方法和其他相关的操作一起提高物流的管理能力；,8
仓储成本主要指货物保管的各种支出，其中一部分为仓储设施和设备的投资，另一部分则为仓储保管作业中的活劳动或者物化劳动的消耗，消耗主要包括工资和能源消耗等。,仓储成本主要指货物保管的各种支出，其中一部分为仓储设施和设备的投资，另一部分则为仓储保管作业中的活劳动或者物化劳动的消耗，消耗主要包括工资和能源消耗等。,10
重心法的假设条件包括：需求量集中于某一点上；不同地点物流节点的建设费用、运营费用相同；运输费用随运输距离成正比增加；运输线路为空间直线。,重心法的假设条件：需求量集中于某一点上；不同地点物流节点的建设费用、运营费用相同；运输费用随运输距离成正比增加；运输线路为空间直线。,10
堆垛方式是应用最广泛的、样式最繁多的一种堆码方式。,堆垛方式是应用最广泛的、样式最繁多的一种堆码方式。,10
配送中心的设备主要用于物流作业活动，如：保管、搬运、存储、装卸、配送等。,配送中心的设备主要用于物流作业活动，如：保管、搬运、存储、装卸、配送等。,10
MRP包含几个要素：原料、生产、销售、产品结构。 ,原料。,2
直线职能制的优点：命令统一，职责明确，专业化管理程度较高，组织稳定。它既保证了管理体系的集中统一，又可以在各级行政负责人的领导下，充分发挥各专业管理机构的作用；直线职能制的缺点：职能部门之间缺乏交流、协作和配合，职能部门与行政负责人之间容易产生摩擦，组织系统的灵敏度较低，下级的许多工作要直接向上层领导报告请示才能处理，常常造成企业运作效率低下。,直线职能制的优点：命令统一，职责明确，专业化管理程度较高，组织稳定。它既保证了管理体系的集中统一，又可以在各级行政负责人的领导下，充分发挥各专业管理机构的作用；直线职能制的缺点：职能部门之间缺乏交流、协作和配合，职能部门与行政负责人之间容易产生摩擦，组织系统的灵敏度较低，下级的许多工作要直接向上层领导报告请示才能处理，常常造成企业运作效率低下。,10
仓库平面布置的要求：仓库平面布置要适应仓储作业过程的要求，要有利于仓储作业的顺利进行；仓库平面布置要有利于提高仓储经济效益；仓库平面布置要有利于保证安全和职工的健康。,仓库平面布置的要求：仓库平面布置要适应仓储作业过程的要求，要有利于仓储作业的顺利进行；仓库平面布置要有利于提高仓储经济效益；仓库平面布置要有利于保证安全和职工的健康。,10
配送中心的各个阶段：配送中心评估阶段；配送中心设计阶段；配送中心实施阶段。,配送中心各阶段包括：配送中心评估阶段；配送中心设计阶段；配送中心实施阶段。,10
备货作业成本分析与控制包括以下内容：合理选择备货作业方式；合理安排仓储空间，降低备货成本；加强货位管理，提高备货作业效率。,合理选择备货作业方式；加强货位管理，提高备货作业效率。,6
物品出库时的“三不”指的是：未接单据不翻账，未经审单不备货，未经复核不出库。,物品出库时的“三不”指的是：未接单据不翻账，未经审单不备货，未经复核不出库。,10
垛形指货跺的外部形状。可为矩形、正方形、三角形、梯形、半圆形等。,垛形指货跺的外部形状。可为矩形、正方形、三角形、梯形、半圆形等。,10
物品检验内容：数量检验、质量检验,物品检验内容只有数量检验,5
送货作业：将拣取分类完成之货品作好出货检查，装入合适的容器，做好标志，根据车辆趟次别或厂商别等指示将物品运至出货准备区，最后装车配送，是配送作业的最后一个环节。,送货作业是指将拣取分类完成之货品作好出货检查，装入合适的容器，做好标志，根据车辆趟次别或厂商别等指示将物品运至出货准备区，最后装车配送，是配送作业的最后一个环节。,10
仓库内部空间布局也称为仓库内部竖向布局，指储存物品在仓库立体空间上的布局，其目的在于充分有效地利用仓库空间。,仓库内部空间布局指储存物品在仓库立体空间上的布局，其目的在于利用仓库空间。,8
仓储合同的验收有三点：一是验收项目、二是验收方法、三是验收期限。,仓储合同的验收包括：验收项目、验收方法、验收期限。,10
复合分拣是按单分拣与批量分拣的组合运用，按订单品项、数量和出库频率决定哪些订单适合按单分拣，哪些订单适合批量分拣。,复合分拣是按单分拣与批量分拣的组合运用，按订单品项、数量和出库频率决定哪些订单适合按单分拣，哪些订单适合批量分拣。,10
配送模式：自营配送模式；共同配送模式；第三方配送。,共同配送模式；第三方配送。,6
在库作业准备包括四个部分：查验进货账卡，熟悉物品特性，制定物品储存方法，做好储存准备工作。,在库作业准备包括四个部分：查验进货账卡，熟悉物品特性，制定物品储存方法，做好储存准备工作。,10
条码由一组规则排列的条、空及其对应代码组成，表示商品特定信息的标识。,条码：是由一组规则排列的条、空及其对应代码组成，是表示商品特定信息的标识。 ,10
一般形成三级仓储管理层次，即决策层、执行监督层和仓库作业层。,决策层。,3
补货时机一般有以下三种方式：批次补货、定时补货、随机补货,补货时机一般有以下三种方式：批次补货、定时补货、随机补货,10
场站接货：一般指仓储企业受存货人委托或合同约束到车站、码头接运物品到储运地。一般零担托运和小批量物品采用此方法。,场站接货：一般指仓储企业受存货人委托或合同约束到车站、码头接运物品到储运地。一般零担托运和小批量物品采用此方法。,10
包装作业成本分析与控制包括以下内容：使用物美价廉的包装材料；包装作业机械化，提高包装效率；采用大包装，尽量使包装简单化，节约包装材料；利用原有包装，加贴新标签。,使用物美价廉的包装材料；尽量使包装简单化，节约包装材料；利用原有包装，加贴新标签。,6
评估时间效率主要是指掌握单位时间内收入、产出量、作业单元数及各作业时间比率。,评估时间效率，主要是掌握单位时间内收入、产出量、作业单元数及各作业时间比率。,10
动管储区：在拣货作业时所使用的拣货区域。此区域的货品大多在短时期即将被拣取出货，其货品在储位上流动频率很高所以称为动管储区,动管储区：在拣货作业时所使用的拣货区域。此区域的货品大多在短时期即将被拣取出货，其货品在储位上流动频率很高所以称为动管储区,10
仓库管理员是仓库内从事与物品仓储迆管理有关工作的一线操作人员的统称，包括直接从事物品收发、出入库、分拣、理货等工作的人员，不含装卸工，简称仓管员。,仓库管理员是仓库内从事与物品仓储迆管理有关工作的一线操作人员的统称，包括直接从事物品收发、出入库、分拣、理货等工作的人员，不含装卸工，简称仓管员。,10
矩阵制优点包含：打破单向领导，加强了管理部门间的联系和配合，有利于信息沟通和共同决策，提高工作的效率；把不同的专业人员组织在一起，有利于激发人们的积极性和创造性，提高技术水平和管理水平；把完成任务所需的各种专业知识和经验集中在一起，提高了管理组织的机动性和灵活性。,矩阵制优点包含：打破单向领导，加强了管理部门间的联系和配合，有利于信息沟通和共同决策，提高工作的效率；把不同的专业人员组织在一起，有利于激发人们的积极性和创造性，提高技术水平和管理水平；把完成任务所需的各种专业知识和经验集中在一起，提高了管理组织的机动性和灵活性。,10
库存控制是指在保障供应的前提下，使库存物品的数量合理所进行的有效管理的技术经济措施。,库存控制是指在保障供应的前提下，使库存物品的数量合理所进行的有效管理的技术经济措施。,10
按单分拣作业方法特点包括：易于实施，配货准确度高，不易出错；各客户分拣相互没有约束；分拣完一个货单，货物便配齐，货物不再落地暂存，可直接装车配送；客户数量不受限制，可在很大范围内波动；对机械化、自动化没有严格要求，不受设备水平限制。,按单分拣作业方法特点：易于实施，配货准确度高，不易出错；各客户分拣相互没有约束；分拣完一个货单，货物便配齐，货物不再落地暂存，可直接装车配送；客户数量不受限制，可在很大范围内波动；对机械化、自动化没有严格要求，不受设备水平限制。,10
影响仓库平面布置的因素：仓库的专业化程度、仓库的规模和功能。,仓库的专业化程度、仓库的功能。,7
子标签拣选系统（DPS），是以一连串装于货架格位上的电子显示装置(电子标签)取代拣货单，指示应拣取的物品及数量，辅助捡货人员的作业，减少目视寻找的时间。,子标签拣选系统（DPS），是以一连串装于货架格位上的电子显示装置(电子标签)取代拣货单，指示应拣取的物品及数量，辅助捡货人员的作业，减少目视寻找的时间。,10
专业库是用于存放一种或某一大类物品的仓库。,专业库是用于存放一种或某一大类物品的仓库。,10
按单分拣的优点：作业方法简单；订单处理前置时间短；导入容易且作业弹性大；作业员责任明确，作业容易组织；拣货后不必再进行分类作业。,作业方法简单；订单处理前置时间短；导入容易且作业弹性大；拣货后不必再进行分类作业。,8
分拣的动作由自动的机械负责，电子信息输入后自动完成分拣作业，无须人手介入。大致有四个分段：合流、分拣识别、分拣分流和分运。,分拣的动作由自动的机械负责，电子信息输入后自动完成分拣作业，无须人手介入。大致有四个分段：合流、分拣识别、分拣分流和分运。,10
配装：在单个客户配送数量不能达到车辆的有效运载负荷时，就存在如何集中不同客户的配送货物，进行搭配装载以充分利用运能、运力的问题。,配装：在单个客户配送数量不能达到车辆的有效运载负荷时，就存在如何集中不同客户的配送货物，进行搭配装载以充分利用运能、运力的问题。,10
做好绩效管理的关键是建立明确的切实可行的KPI体系。,建立明确的切实可行的KPI体系，是做好绩效管理的关键。,10
仓库专业化程度主要与库存物品的种类有关。,仓库专业化程度主要与库存物品的种类有关。,10
拣选作业是根据出库信息或订单， 将顾客订购的物品从保管区或拣货区取出，也可以直接在进货过程中取出，并运至配货区的作业过程。 ,拣选作业是根据出库信息或订单， 将顾客订购的物品从保管区或拣货区取出，也可以直接在进货过程中取出，并运至配货区的作业过程。 ,10
条形码的识读原理：根据不同颜色的物体，其反射的可见光的波长不同，光电转换器接收到不同强弱的反射光信号，并转换成相应的电信号并进行放大后输出。,条形码的识读原理：根据不同颜色的物体，其反射的可见光的波长不同，光电转换器接收到不同强弱的反射光信号，并转换成相应的电信号并进行放大后输出。,10
仓储合同的验收有三点：一是验收项目、二是验收方法、三是验收期限。,仓储合同的验收有三点：一是验收项目、二是验收方法、三是验收期限。,10
MRP(Material Resource Planning)：是一种保证既不出现短缺，也不积压库存的计划方法，是ERP系统的核心功能模块。,MRP(Material Resource Planning)：是一种保证既不出现短缺，也不积压库存的计划方法，是ERP系统的核心功能模块。,10
进货成本是指在进货途中所花费的全部支出。包括包装费、装卸费等等。,进货成本是指在进货途中所花费的全部支出。包括包装费、装卸费等等。,10
重力式货架是指在货架每层的通道上，都安装有一定坡度的、带有轨道的 导轨，入库的单元货物在重力的作用下，由入库端流向出库端。 ,重力式货架是指在货架每层的通道上，都安装有一定坡度的、带有轨道的 导轨，入库的单元货物在重力的作用下，由入库端流向出库端。 ,10
配货作业中的包装主要是运输包装，主要作用是保护货物并将多个零散包装物品放人大小合适的箱子中，实现整箱集中装卸、成组化搬运等，减少搬运次数，降低货损，提高配送效率。,配货作业中的包装主要是指运输包装，其主要作用是为了保护货物并将多个零散包装物品放人大小合适的箱子中，以实现整箱集中装卸、成组化搬运等，同时减少搬运次数，降低货损，提高配送效率。,10
地面型仓库一般是指单层地面库，多实用非货架型的保管设备。,地面型仓库一般是指单层地面库，多实用非货架型的保管设备。,10
配送作业活动以客户发出的订货信息作为配送作业的驱动源。,配送作业活动是以客户发出的订货信息（即订单）作为配送作业的驱动源的。,10
配货的优点有：A 配货作业是配送中心区别于传统仓储作业的明显特征；B 增加了配货业务，增强了企业的灵活性、竞争力和生存力；C 提高了仓库利用率；D 增加了车辆配载率，使空置、闲置的资源得到了全面的利用。,配货的优点：A 配货作业是配送中心区别于传统仓储作业的明显特征；B 增加了配货业务，增强了企业的灵活性、竞争力和生存力；C 提高了仓库利用率；D 增加了车辆配载率，使空置、闲置的资源得到了全面的利用。,10
TMS的功能模块：调度管理、车辆管理、配件管理、油耗管理、费用结算、人员管理、资源管理、财务核算、绩效考核、车辆跟踪、业务跟踪、业务统计、白卡管理、监控中心系统、账单查询等,业务统计、白卡管理、监控中心系统、账单查询等,4
货架型仓库指采用多层货架保管的仓库。货架上放着物品和托盘，物品和托盘可在货架上滑动。,货架型仓库指采用多层货架保管的仓库。货架上放着物品和托盘，物品和托盘可在货架上滑动。,10
专用型保税仓库包括液体危险品保税仓库、备料保税仓库、寄售维修保税仓库和其他专用型保税仓库。,专用型保税仓库包括液体危险品保税仓库、备料保税仓库、寄售维修保税仓库和其他专用型保税仓库。,10
集中不同客户的配送货物，进行搭配装载，以充分利用运能、运力的工作是配装。,集中不同客户的配送货物，进行搭配装载，以充分利用运能、运力的工作是配装。,10
盘点的原则包括：真实、准确、完整、清楚。,盘点的原则包括：真实、准确、完整、清楚。,10
无线射频识别（RFID）是通过一种无线电讯号和微芯片标签识别特定目标并读写相关数据的通讯技术。,RFID是通过一种无线电讯号标签识别特定目标的通讯技术。,7
装卸：指的是物品在指定地点以人力或机械载入或卸出运输工具的作业过程。,装卸：指的是物品在指定地点以人力或机械载入或卸出运输工具的作业过程。,10
条码的类别 ：商品条码、物流条码、二维条码。,条码的类别 ：商品条码、物流条码,7
仓库的全面盘点：是指每季度、半年或年终财务结算前进行一次全面的盘点。,仓库的全面盘点：是指每季度、半年或年终财务结算前进行一次全面的盘点。,10
送货作业：需要事先规划配送区域的划分或配送线路的安排，由配送路线选用的先后次序来决定商品装车顺序，并在商品配送途中进行商品跟踪、控制。包含将货物装车并实际配送。,送货作业：需要事先规划配送区域的划分或配送线路的安排，由配送路线选用的先后次序来决定商品装车顺序，并在商品配送途中进行商品跟踪、控制。包含将货物装车并实际配送。,10
叉车是指具有各种叉具，能够对物品进行升降和移动以及装卸作业的搬运车辆。,叉车是指具有各种叉具，能够对物品进行升降和移动以及装卸作业的搬运车辆。,10
分拣作业就是将用户所订的货物从储存保管处取出，按用户分类、集中、处理、放置。,分拣作业就是将用户所订的货物从储存保管处取出，集中、处理、放置。,7
散堆方式：指将无包装的散货在仓库或露天货场上堆成货堆的存放方式。,散堆方式：指将无包装的散货在仓库或露天货场上堆成货堆的存放方式。,10
用发生的各种事故的大小和次数来表示物品储存的安全性指标，主要有人身伤亡、仓库失火、爆炸、被盗、机械损坏事故几类。,用发生的各种事故的大小和次数来表示物品储存的安全性指标，主要有人身伤亡、仓库失火、爆炸、被盗、机械损坏事故几类。,10
物流配送中心选址规划所考虑的因素有：经济环境因素  ；自然环境因素；政策环境因素  。,物流配送中心选址规划所考虑的因素有：经济环境因素  ；自然环境因素；政策环境因素  。,10
盘点作业应考虑的问题有：A盘点中，实际存量和账面存量的差异是多少？B这些差异是发生在哪些品项？C每次循环盘点中，有几次确实存在误差？D平均每品项货品发生误差的次数是多少？,盘点作业应考虑的问题：A盘点中，实际存量和账面存量的差异是多少？B这些差异是发生在哪些品项？C每次循环盘点中，有几次确实存在误差？D平均每品项货品发生误差的次数是多少？,10
基于目标对运行结果的衡量是绩效评价。,绩效评价是基于目标对运行结果的衡量。,10
活动相关包括：程序性相关、组织管理上的相关、功能上的相关、环境上的相关。,活动相关包括：程序性相关、组织管理上的相关、功能上的相关、环境上的相关。,10
订单处理的方式：人工处理；计算机处理。,计算机处理。,5
持续改善组织和个人绩效，最终实现企业战略目标是绩效管理的根本目的；绩效管理是一种管理思想，渗透在企业管理的整个过程之中，涉及企业文化、战略和计划、组织、人力资源、领导、激励、统计与控制等各个方面。,持续改善组织和个人绩效，最终实现企业战略目标是绩效管理的根本目的；绩效管理是一种管理思想，渗透在企业管理的整个过程之中，涉及企业文化、战略和计划、组织、人力资源、领导、激励、统计与控制等各个方面。,10
配送中心的设备主要用于物流作业活动，如：保管、搬运、存储、装卸、配送等。,配送中心的设备主要用于保管、搬运、存储、装卸、配送等物流作业活动。,10
保管员是指对存储物品进行保存、维护管理的人员。,保管员是指对存储物品进行保存、维护管理的人员。,10
反映仓储作业设施设备利用程度的指标：仓库货物周转率；单位面积储存量；仓库空间利润率；设备利润率。,反映仓储作业设施设备利用程度的指标：仓库货物周转率；单位面积储存量；仓库空间利润率；设备利润率。,10
进货成本和购买成本与订货批量无关，叫做固定成本。,进货成本和购买成本与订货批量无关，叫做固定成本。,10
DBMS是一种操作和管理数据库的大型软件，功能是建立、使用和维护数据库。DBMS管理着物流系统中的库存、货位、入出库记录等重要数据。,DBMS是一种操作和管理数据库的大型软件，可用于建立、使用和维护数据库。物流系统中的库存、货位、入出库记录等重要数据都是通过DBMS管理的。,10
保管员是指对存储物品进行保存、维护管理的人员。,对存储物品进行保存管理的人员。,6
仓储成本是指仓储企业在储存物品过程中，包括装卸搬运、存储保管、流通加工、收发物品等各个环节，和建造、购置仓库等设施设备所消耗的人力、物力、财力及风险成本的总和。,仓储成本是指仓储企业在储存物品过程中，包括装卸搬运、流通加工、收发物品等各个环节，和建造、购置仓库等设施设备所消耗的人力、物力、财力及风险成本的总和。,9
在经济合理区域范围内，根据用户的要求，对物品进行拣选、加工、包装、分割、组配等作业，并按时送达指定地点的物流活动是配送,配送：是指“在经济合理区域范围内，根据用户的要求，对物品进行拣选、加工、包装、分割、组配等作业，并按时送达指定地点的物流活动,10
活动相关包括：程序性相关、组织管理上的相关、功能上的相关、环境上的相关。,活动相关可概括为：程序性相关、组织管理上的相关、功能上的相关、环境上的相关。,10
进货：配送中心根据客户的需要，为配送业务的顺利实施，而从事的组织商品货源和进行商品存储的一系列活动。进货是配送的准备工作或基础工作，它是配送的基础环节，又是决定配送成败与否、规模大小的最基础环节。同时，也是决定配送效益高低的关键环节。,进货：配送中心根据客户的需要，为配送业务的顺利实施，而从事的组织商品货源和进行商品存储的一系列活动。进货是配送的准备工作或基础工作，它是配送的基础环节，又是决定配送成败与否、规模大小的最基础环节。同时，也是决定配送效益高低的关键环节。,10
将物品按品种、出入库先后顺序进行分门别类堆放的作业就是分拣。,分拣是将物品按品种、出入库先后顺序进行分门别类堆放的作业。,10
节约里程法的意义包括：满足客户配送需要；减少配送车辆使用；减少配送车辆使用。,节约里程法的意义：满足客户配送需要；减少配送车辆使用；减少配送车辆使用。,10
场所效用指同种"物"由于空间场所不同，其使用价值的实现程度则不同，其效益的实现也不同。由于改变场所而最大发挥使用价值，最大限度提高了投入产出比，这就称之为"场所效用"。,场所效用指同种"物"由于空间场所不同，其使用价值的实现程度则不同，其效益的实现也不同。由于改变场所而最大发挥使用价值，最大限度提高了投入产出比，这就称之为"场所效用"。,10
补货方式：整箱补货；整托补货；货架之间的补货。,补货方式有：整箱补货；整托补货；货架之间的补货。,10
诺成合同，是指合同自双方达成合意时成立。,诺成合同是指合同成立。,5
货物的仓储成本主要是指货物保管的各种支出，其中一部分为仓储设施和设备的投资，另一部分则为仓储保管作业中的活劳动或者物化劳动的消耗，主要包括工资和能源消耗等。,货物的仓储成本是指货物保管的各种支出。,2
盘点的原因有：是否常发现仓库有不明物品，没标示，没数量，状态不明确？生产计划制定过程中，是否经常出现产品多计划或少计划，造成库存积压和短缺现象？库房现场是否经常凌乱，物料急用时一时难于找到?仓库、现场的盘点是否经常出现异常（数量不准、漏盘、多盘等等），是我们盘点中哪一个环节出现了问题?,盘点的原因有：是否常发现仓库有不明物品，没标示，没数量，状态不明确？生产计划制定过程中，是否经常出现产品多计划或少计划，造成库存积压和短缺现象？库房现场是否经常凌乱，物料急用时一时难于找到?仓库、现场的盘点是否经常出现异常（数量不准、漏盘、多盘等等），是我们盘点中哪一个环节出现了问题?,10
仓储管理的内容：仓库的选址与建设、仓库机械设备的选择与配置、仓库业务管理、仓库的库存控制管理、人力资源管理,仓储管理的内容：仓库的选址与建设、仓库机械设备的选择与配置、仓库业务管理、仓库的库存控制管理、人力资源管理,10
配货的优点有：A 配货作业是配送中心区别于传统仓储作业的明显特征；B 增加了配货业务，增强了企业的灵活性、竞争力和生存力；C 提高了仓库利用率；D 增加了车辆配载率，使空置、闲置的资源得到了全面的利用。,配货的优点有：A 配货作业是配送中心区别于传统仓储作业的明显特征；B 增加了配货业务，增强了企业的灵活性、竞争力和生存力；C 提高了仓库利用率；D 增加了车辆配载率，使空置、闲置的资源得到了全面的利用。,10
配送中心绩效评价的目标包括：改进配送运作程序，调整运作方式；了解配送中心空间、人员、设施、物品、订单、时间、成本、品质、作业规划等各个要素的状况，以便采取改进的措施；评价配送业务各部门和人员的工作绩效，达到激励员工、优化配送运作效率的目的；通过评价服务水平和配送成本，并与以往进行比较分析，向管理者和客户提供绩效评估报告。,配送中心绩效评价的目标包括：改进配送运作程序，调整运作方式；了解配送中心空间、人员、设施、物品、订单、时间、成本、品质、作业规划等各个要素的状况，以便采取改进的措施；评价配送业务各部门和人员的工作绩效，达到激励员工、优化配送运作效率的目的；通过评价服务水平和配送成本，并与以往进行比较分析，向管理者和客户提供绩效评估报告。,10
配送中心规划的过程：配送中心的设立时机规划；配送中心的类型选择；配送中心的所有者选择；配送中心的地址选择；配送中心的规模选择；配送中心的设施设备选择；配送中心的组织结构和岗位设置。,配送中心规划的过程：配送中心的设立时机规划；配送中心的类型选择；配送中心的所有者选择；配送中心的地址选择；配送中心的规模选择；配送中心的设施设备选择；配送中心的组织结构和岗位设置。,10
电子标签拣货系统的原理是在每一个货位安装数字显示器，利用计算机的控制将订单信息传输到数字显示器内，拣货人员根据数字显示器所显示的数字拣货，拣完货之后按确认钮即完成拣货工作。,电子标签拣货系统的原理是在每一个货位安装数字显示器，利用计算机的控制将订单信息传输到数字显示器内，拣货人员根据数字显示器所显示的数字拣货，拣完货之后按确认钮即完成拣货工作。,10
实物盘点又称现货盘点，具体是指在仓库实地去清点调查仓库内的各种物资的库存数，再根据货品单价，计算出实际库存金额的方法。 ,“实物盘点”又称“现货盘点”，就是在仓库实地去清点调查仓库内的各种物资的库存数，再根据货品单价，计算出实际库存金额的方法。 ,10
在单个客户配送数量不能达到车辆的有效运载负荷时，就存在如何集中不同客户的配送货物，进行搭配装载以充分利用运能、运力的问题，这就需要配装。,在单个客户配送数量不能达到车辆的有效运载负荷时，就存在如何集中不同客户的配送货物，进行搭配装载以充分利用运能、运力的问题，这就需要配装。,10
运输方式按运输范畴可分为干线运输；支线运输；二次运输和厂内运输。,运输方式按运输范畴分类：干线运输；支线运输；二次运输；厂内运输。,10
盘点是保证账、物、卡相符的重要措施之一。,盘点是保证账、物、卡相符的重要措施之一。,10
公共仓库是指面向社会提供物品储存服务并收取费用的仓库。,公共仓库是指面向社会提供物品储存服务并收取费用的仓库。,10
机械安全作业要求包括：在符合许可范围内操作；使用合适器械作业；设备作业要有专人指挥。,机械安全作业要求包括：在符合许可范围内操作；使用合适器械作业；设备作业要有专人指挥。,10
订单准备；订单传输；订单录入；订单履行；订单跟踪构成了订单处理的基本流程。,订单处理的基本流程：订单准备；订单传输；订单录入；订单履行；订单跟踪。,10
分拣是将物品按品种、出入库先后顺序进行分门别类堆放的作业。,将物品按品种堆放的作业。,5
在经济合理区域范围内，根据用户的要求，对物品进行拣选、加工、包装、分割、组配等作业，并按时送达指定地点的物流活动是配送,在经济合理区域范围内，根据用户的要求，对物品进行拣选、加工、包装、分割、组配等作业，并按时送达指定地点的物流活动是配送,10
运输的地位：物流的主要功能要素之一；社会物质生产的必要条件之一 ；可以创造“场所效用”；"第三利润源"的主要源泉。,运输的地位：物流的主要功能要素之一；社会物质生产的必要条件之一 ；可以创造“场所效用”；"第三利润源"的主要源泉。,10
正确且迅速地集合顾客所订购的商品是分拣作业目的。,分拣作业目的在于正确且迅速地集合顾客所订购的商品。,10
衡量配送中心每单位存货的库存管理费用是库存管理费率。,衡量配送中心每单位存货的库存管理费用是库存管理费率。,10
矩阵制优点包含：打破单向领导，加强了管理部门间的联系和配合，有利于信息沟通和共同决策，提高工作的效率；把不同的专业人员组织在一起，有利于激发人们的积极性和创造性，提高技术水平和管理水平；把完成任务所需的各种专业知识和经验集中在一起，提高了管理组织的机动性和灵活性。,矩阵制优点：打破单向领导，加强了管理部门间的联系和配合，有利于信息沟通和共同决策，提高工作的效率；把不同的专业人员组织在一起，有利于激发人们的积极性和创造性，提高技术水平和管理水平；把完成任务所需的各种专业知识和经验集中在一起，提高了管理组织的机动性和灵活性。,10
直线制的优缺点：优点——结构简单、权力集中、责任分明、命令统一、联系简捷；缺点——管理职能集中由一人承担，容易发生较大失误；部门间协调差 。,直线制的优缺点：优点——结构简单、权力集中、责任分明、命令统一、联系简捷；缺点——管理职能集中由一人承担，容易发生较大失误；部门间协调差 。,10
账面盘点法又称永续盘点法，是指将每一种物品分别设立“存货帐卡”，然后将每一种物品的出入库数量及有关信息记录在账面上，逐笔汇总出账面库存结余数，保证随时可以从电脑或账册上查悉物品的出入库信息及库存结余量。 ,账面盘点法也叫永续盘点法，就是将每一种物品分别设立“存货帐卡”，然后将每一种物品的出入库数量及有关信息记录在账面上，逐笔汇总出账面库存结余数，保证随时可以从电脑或账册上查悉物品的出入库信息及库存结余量。 ,10
使用各种拣选设备和传输装置，将存放的物品，按客户要求分拣出来，配备齐全，送入指定发货地点的过程就是配货。,使用各种拣选设备和传输装置，将存放的物品，按客户要求分拣出来，配备齐全，送入指定发货地点的过程就是配货。,10
批量拣取是把多张订单集合成一批次，按商品品种类别将数量加总后再进行分拣，分拣完后再按客户订单进行分类处理的拣货作业方式，又称“播种式”。,批量拣取是按商品品种类别将数量加总后再进行分拣，分拣完后再按客户订单进行分类处理的拣货作业方式。,8
配送中心作业区域规划程序包含：活动关系的分析；区域位置的布置；流程动线分析；实体限制的修正。,配送中心作业区域规划程序：活动关系的分析；区域位置的布置；流程动线分析；实体限制的修正。,10
固定订单量分批方法的优点：维持稳定的拣货效率，使自动化的拣货、分类设备得以发挥最大功效。固定订单量分批方法的缺点：订单的商品总量变化不宜太大，否则会造成分类作业的不经济。,固定订单量分批方法的优点：维持稳定的拣货效率，使自动化的拣货、分类设备得以发挥最大功效。固定订单量分批方法的缺点：订单的商品总量变化不宜太大，否则会造成分类作业的不经济。,10
配送中心的各个阶段：配送中心评估阶段；配送中心设计阶段；配送中心实施阶段。,配送中心的各个阶段：配送中心评估阶段；配送中心设计阶段；配送中心实施阶段。,10
运输主体（人或者是货物）透过运输工具（或交通工具与运输路径），由甲地移动至乙地，完成某个经济目的的行为称为运输。,运输主体（人或者是货物）透过运输工具（或交通工具与运输路径），由甲地移动至乙地，完成某个经济目的的行为称为运输。,10
仓库空间利用率的高低是衡量仓库经营管理水平的重要指标。,仓库空间利用率的高低衡量了仓库经营管理水平。,9
分拣策略是影响分拣作业效率的重要因素，对不同的订单需求应采取不同的分拣策略。,分拣策略是影响分拣作业效率的重要因素，对不同的订单需求应采取不同的分拣策略。,10
无线射频识别：通过一种无线电讯号和微芯片标签识别特定目标并读写相关数据的通讯技术。,无线射频识别：通过一种无线电讯号和微芯片标签识别特定目标并读写相关数据的通讯技术。,10
送货作业：包含将货物装车并实际配送。需要事先规划配送区域的划分或配送线路的安排，由配送路线选用的先后次序来决定商品装车顺序，并在商品配送途中进行商品跟踪、控制。,由配送路线选用的先后次序来决定商品装车顺序。,2
理货员是指在仓库、配送中心、超市、港口码头等企业中，从事物品整理、拣选、配货、包装、符合、置唛和物品交接、验收、整理、堆码等的人员。,理货员是指在仓库、配送中心、超市、港口码头等企业中，从事物品整理、拣选、配货、包装、符合、置唛和物品交接、验收、整理、堆码等的人员。,10
进货：配送中心根据客户的需要，为配送业务的顺利实施，而从事的组织商品货源和进行商品存储的一系列活动。进货是配送的准备工作或基础工作，它是配送的基础环节，又是决定配送成败与否、规模大小的最基础环节。同时，也是决定配送效益高低的关键环节。,组织商品货源和进行商品存储的一系列活动。进货是配送的准备工作或基础工作，它是配送的基础环节，又是决定配送成败与否、规模大小的最基础环节。,6
订货成本、保管成本、缺货成本与订货批量有关，称为变动成本。,订货成本、保管成本、缺货成本与订货批量有关，称为变动成本。,10
货架的作用：充分利用仓容；保护货物；便于存取；便于清点和计量。,保护货物；便于存取；,5
WCS 是仓库控制系统(Warehouse Control System) 的缩写。WCS是介于WMS系统和PLC系统之间的一层管理控制系统。,是介于WMS系统和PLC系统之间的管理控制系统。,8
仓库空间利用率的高低是衡量仓库经营管理水平的重要指标。,仓库空间利用率的高低是衡量仓库经营管理水平的重要指标。,10
装卸搬运作业成本分析与控制包含以下方面：合理选择装卸搬运机具；提高物品装卸搬运的活性化与可运性；利用重力作用，减少能量消耗；合理选择装卸搬运方式；改进装卸搬运作业方法。,装卸搬运作业成本分析与控制包括：合理选择装卸搬运机具；提高物品装卸搬运的活性化与可运性；利用重力作用，减少能量消耗；合理选择装卸搬运方式；改进装卸搬运作业方法。,10
配送中心的选址应考虑的因素包含：尽量靠近客户；尽可能靠近交通干线；尽量将配送中心建在地价便宜、交通方便的郊区；尽可能考虑人力资源方面的问题；尽可能考虑地理、气候等自然条件方面的问题。,配送中心的选址应考虑的因素包含：尽量靠近客户；尽可能靠近交通干线；尽量将配送中心建在地价便宜、交通方便的郊区；尽可能考虑人力资源方面的问题；尽可能考虑地理、气候等自然条件方面的问题。,10
常见的组织结构形式：直线制；职能制；直线职能制；矩阵制。,常见的组织结构形式：直线制；职能制；直线职能制；矩阵制。,10
电子标签按功能可以分为：传统电子标签、智慧型电子标签。,电子标签根据其功能可以分为传统电子标签和智慧型电子标签。,10
成本的性质包括固定成本和变动成本两部分。,根据成本的性质可将仓储成本分为固定成本和变动成本两部分。,10
选择评价指标的原则包括：能反映组织整体或个别作业单位的业绩；确实反映负责人或经理人的努力程度，同时，对于不是他所能控制的因素也应能适当显示；要有助于问题点的分析，这样才能协助企业找到加强改进的方向。,选择评价指标的原则包括：能反映组织整体或个别作业单位的业绩；确实反映负责人或经理人的努力程度，同时，对于不是他所能控制的因素也应能适当显示；要有助于问题点的分析，这样才能协助企业找到加强改进的方向。,10
仓储管理系统中基础数据管理包括以下内容：用户数据；部门数据；货位数据；客户主数据；物流主数据；订单类数据；其他数据,用户数据；部门数据；货位数据；客户主数据；订单类数据；,7
战略性原则、适应性原则、因地制宜原则、协调性原则、经济性原则等是配送中心的选址原则。,战略性原则、适应性原则、因地制宜原则、协调性原则、经济性原则等是配送中心的选址原则。,10
配送：是指在经济合理区域范围内，根据用户的要求，对物品进行拣选、加工、包装、分割、组配等作业，并按时送达指定地点的物流活动,配送：是指在经济合理区域范围内，根据用户的要求，对物品进行拣选、加工、包装、分割、组配等作业，并按时送达指定地点的物流活动,10
货架可以分为固定货架和移动货架。,货架可以分为固定货架和移动货架。,10
拣货单位：拣货作业中拣取货物的包装单位。订货单位合理化主要为了避免过小单位出现在订单中，减少作业量与误差，如订货的最小单位是箱，则不要以单品为拣货单位。  ,拣货单位：拣货作业中拣取货物的包装单位。订货单位合理化主要为了避免过小单位出现在订单中，减少作业量与误差，如订货的最小单位是箱，则不要以单品为拣货单位。  ,10
轮式托盘也称物流台车，是在箱式托盘、柱式托盘或网箱托盘的底部装上脚轮而成，既便于机械化搬运，又宜于短距离的人力移动。 ,轮式托盘也称物流台车，是在箱式托盘、柱式托盘或网箱托盘的底部装上脚轮而成，既便于机械化搬运，又宜于短距离的人力移动。 ,10
运输管理系统，英文缩写“TMS”，是一种“供应链”分组下的（基于网络的）操作软件。它能通过多种方法和其他相关的操作一起提高物流的管理能力；,运输管理系统，英文缩写“TMS”，是一种“供应链”分组下的（基于网络的）操作软件。它能通过多种方法和其他相关的操作一起提高物流的管理能力；,10
仓储合同，又称仓储保管合同，是保管人储存存货人交付的仓储物，存货人支付仓储费的合同。,仓储合同，又称仓储保管合同，是保管人储存存货人交付的仓储物，存货人支付仓储费的合同。,10
验收期限是指自从物品和验收资料全部送达保管人之日起，至验收报告送出之日止的时间。,验收期限：自物品和验收资料全部送达保管人之日起，至验收报告送出之日止。,10
作业流程规划以后就可以根据配送中心的运营特性规划所需要的作业区域。其中作业区域包括物流作业区域、辅助作业区域和事务活动区域。,作业流程规划以后，即可根据配送中心的运营特性规划所需要的作业区域。作业区域包括物流作业区域、辅助作业区域和事务活动区域。,10
RFID的组成：标签、阅读器和天线。,RFID的组成：标签、阅读器,7
运输方式按运输作用的不同可分为集货运输和配送运输。,运输方式按运输作用的不同分类：集货运输；配送运输。,10
批次补货是指通过计算机查询每天需要的总补货量以及持货区存货量的情况，将补货量一次性补足的方式。,批次补货是指通过计算机查询每天需要的总补货量以及持货区存货量的情况，将补货量一次性补足的方式。,10
缺货成本指因存货不足而造成的损失。若不容许缺货，则缺货成本为零。,缺货成本指因存货不足而造成的损失。若不容许缺货，则缺货成本为零。,10
如何组合成最佳路线，如何使配装和路线有效搭配等，是配送运输的特点，也是难度较大的工作。,如何组合成最佳路线，如何使配装和路线有效搭配等，是配送运输的特点，也是难度较大的工作。,10
订单处理的主要内容：订单内容确认；订单接收；订单资料输出 ；存货查询及依订单分配存货 。,存货查询及依订单分配存货 。,3
悬挂梁式起重机，主要分为悬挂单梁式起重机和悬挂双梁式起重机。,悬挂单梁式和悬挂双梁式。,9
成本的性质包括固定成本和变动成本两部分。,成本的性质包括固定成本和变动成本两部分。,10
拣货单位：拣货作业中拣取货物的包装单位。订货单位合理化主要为了避免过小单位出现在订单中，减少作业量与误差，如订货的最小单位是箱，则不要以单品为拣货单位。  ,拣货单位是指拣货作业中拣取货物的包装单位。订货单位合理化主要是避免过小单位出现在订单中，减少作业量与误差，如订货的最小单位是箱，则不要以单品为拣货单位。  ,10
配送运输是较短距离、较小规模、额度较高的运输形式，一般使用汽车做运输工具。,配送运输是较短距离、额度较高的运输形式。,6
物品检验内容：数量检验、质量检验,物品检验内容：数量检验、质量检验,10
运输的地位：物流的主要功能要素之一；社会物质生产的必要条件之一 ；可以创造“场所效用”；"第三利润源"的主要源泉。,运输的地位：运输是物流的主要功能要素之一；运输是社会物质生产的必要条件之一 ；运输可以创造“场所效用”；运输是"第三利润源"的主要源泉。,10
堆垛方式：直接利用物品进行堆码。,堆垛方式：直接利用物品进行堆码。,10
配货作业：把拣取分类完成的货品经过配货检查过程后，装入容器和做好标示，再运到发货准备区，待装车后发送。,配货作业（Assorting）：是指把拣取分类完成的货品经过配货检查过程后，装入容器和做好标示，再运到发货准备区，待装车后发送。,10
拣货作业：依据顾客的订货要求或配送中心的送货计划，迅速、准确地将商品向从其储位或其他区域拣取出来，并按一定的方式进行分类、集中，等待配装送货的作业过程。,配装送货的作业过程。,1
按货架的载货方式分类：悬臂式货架、橱柜式货架、棚板式货架,按货架的载货方式分类：悬臂式货架、橱柜式货架、棚板式货架,10
仓库防火防爆的具体措施：控制可燃物；隔绝空气；消除引火源；阻止火势蔓延；灭火器的使用,仓库防火防爆的具体措施：不控制可燃物；不隔绝空气；消除引火源；阻止火势蔓延；灭火器的使用,6
仓储合同的验收包括：验收项目、验收方法、验收期限。,仓储合同的验收包括：验收项目、验收方法、验收期限。,10
按单分拣作业方法特点包括：易于实施，配货准确度高，不易出错；各客户分拣相互没有约束；分拣完一个货单，货物便配齐，货物不再落地暂存，可直接装车配送；客户数量不受限制，可在很大范围内波动；对机械化、自动化没有严格要求，不受设备水平限制。,按单分拣作业方法特点包括：易于实施，配货准确度高，不易出错；各客户分拣相互没有约束；分拣完一个货单，货物便配齐，货物不再落地暂存，可直接装车配送；客户数量不受限制，可在很大范围内波动；对机械化、自动化没有严格要求，不受设备水平限制。,10
备料保税仓库，是指加工贸易企业存储为加工复出口产品所进口的原材料、设备及其零部件的保税仓库，所存保税货物仅限于供应本企业。,备料保税仓库，是指加工贸易企业存储为加工复出口产品所进口的原材料、设备及其零部件的保税仓库，所存保税货物仅限于供应本企业。,10
按订单或出库单的要求，从储存场所选出物品，并放置指定地点的作业就是拣选,拣选是按订单或出库单的要求，从储存场所选出物品，并放置指定地点的作业,10
直线职能制的优缺点：优点——命令统一，职责明确，专业化管理程度较高，组织稳定。它既保证了管理体系的集中统一，又可以在各级行政负责人的领导下，充分发挥各专业管理机构的作用；缺点——职能部门之间缺乏交流、协作和配合，职能部门与行政负责人之间容易产生摩擦，组织系统的灵敏度较低，下级的许多工作要直接向上层领导报告请示才能处理，常常造成企业运作效率低下。,直线职能制的优缺点：优点——命令统一，职责明确，专业化管理程度较高，组织稳定。它既保证了管理体系的集中统一，又可以在各级行政负责人的领导下，充分发挥各专业管理机构的作用；缺点——职能部门之间缺乏交流、协作和配合，职能部门与行政负责人之间容易产生摩擦，组织系统的灵敏度较低，下级的许多工作要直接向上层领导报告请示才能处理，常常造成企业运作效率低下。,10
拣货作业：依据顾客的订货要求或配送中心的送货计划，迅速、准确地将商品向从其储位或其他区域拣取出来，并按一定的方式进行分类、集中，等待配装送货的作业过程。,拣货作业：依据顾客的订货要求或配送中心的送货计划，迅速、准确地将商品向从其储位或其他区域拣取出来，并按一定的方式进行分类、集中，等待配装送货的作业过程。,10
订单处理的基本流程：订单准备；订单传输；订单录入；订单履行；订单跟踪。,订单处理的基本流程：订单准备；订单传输；订单录入；订单履行；订单跟踪。,10
人至货前拣选方式是指人(或人乘拣选车)到储存区寻找并取出所需要的货物。,人至货前拣选方式是指人(或人乘拣选车)到储存区寻找并取出所需要的货物。,10
ERP的功能模块包含：供应链管理、销售与市场、分销、客户服务、财务管理、制造管理、库存管理、工厂与设备维护、人力资源、报表、制造执行系统、工作流服务和企业信息系统等。此外，还包括金融投资管理、质量管理、运输管理、项目管理、法规与标准和过程控制等补充功能。,ERP的功能模块包含：供应链管理、销售与市场、分销、客户服务、财务管理、制造管理、库存管理、工厂与设备维护、人力资源、报表、制造执行系统、工作流服务和企业信息系统等。此外，还包括金融投资管理、质量管理、运输管理、项目管理、法规与标准和过程控制等补充功能。,10
流通加工：物品在从生产领域向消费领域流动的过程中，流通主体（即流通当事人）为了完善流通服务功能，促进销售、维护产品质量和提高物流效率而开展的一项活动。,促进销售、维护产品质量和提高物流效率而开展的一项活动。,4
订单处理的基本原则包括：使客户产生信赖感；尽量缩短订货周期；提供紧急订货 ；减少缺货现象；不忽略小客户；装配力求完整；提供对客户有利的包装；要随时提供订单处理的情况。,订单处理的基本原则：要使客户产生信赖感；尽量缩短订货周期；提供紧急订货 ；减少缺货现象；不忽略小客户；装配力求完整；提供对客户有利的包装；要随时提供订单处理的情况。,10
输送设备一般为连续输送设备，常见的输送设备有如下几种类型：带式输送机、螺旋输送机、滚筒输送机、滚轮式输送机、链条式输送机、链板输送线。,输送设备一般为连续输送设备，常见的输送设备有如下几种类型：带式输送机、螺旋输送机、滚筒输送机、滚轮式输送机、链条式输送机、链板输送线。,10
分拣是使配送不同于一般形式的送货以及其他物流形式的重要支持性工作，是配送中心作业系统的核心。,使配送不同于一般形式的送货以及其他物流形式的重要支持性工作。,8
运输系统包括运输线路、运输节点 、运输工具及运输的参与者。,运输系统包括运输线路、运输节点 、运输工具及运输的参与者。,10
人至货前拣选方式是指人(或人乘拣选车)到储存区寻找并取出所需要的货物。,人寻找并取出所需要的货物。,6
电子标签按功能可以分为：传统电子标签、智慧型电子标签。,电子标签按功能可以分为：传统电子标签、智慧型电子标签。,10
电子标签功能：品种、库位指示； 出库数量显示；操作完成信息确认,出库数量显示和操作完成信息确认,6
电子标签功能包括：品种、库位指示； 出库数量显示；操作完成信息确认,电子标签功能包括：品种、库位指示； 出库数量显示；操作完成信息确认,10
矩阵制缺点：组织成员不是固定的，易产生临时的观念，对工作有一定的影响；双重领导，难免发生矛盾，也不易分清责任。,组织成员不是固定的，易产生临时的观念；不易分清责任。,4
按订单拣取：分别按每份订单拣货，即分拣完一个订单后，再分拣下一个订单。,按订单拣取：分别按每份订单拣货，即分拣完一个订单后，再分拣下一个订单。,10
在一个具有若干供应点及若干个需求点的经济区域内，选一个地址设置配送中心的规划过程称为配送中心选址。,在一个具有若干供应点及若干个需求点的经济区域内，选一个地址设置配送中心的规划过程称为配送中心选址。,10
配装：配送中心按存货客户的指令，根据目的地、发货数量、线路等对待发货的物品进行配车并装车的活动。,配装：配送中心按存货客户的指令，根据目的地、发货数量、线路等对待发货的物品进行配车并装车的活动。,10
配装是指进行搭配装载以充分利用运能、运力。在单个客户配送数量不能达到车辆的有效运载负荷时，就存在如何集中不同客户的配送货物的问题。,配装是指进行搭配装载以充分利用运能、运力。在单个客户配送数量不能达到车辆的有效运载负荷时，就存在如何集中不同客户的配送货物的问题。,10
直线制的优点：结构简单、权力集中、责任分明、命令统一、联系简捷；直线制的缺点：管理职能集中由一人承担，容易发生较大失误；部门间协调差 。,直线制的优缺点：优点——结构简单、权力集中、责任分明、命令统一、联系简捷；缺点——管理职能集中由一人承担，容易发生较大失误；部门间协调差 。,10
配货是指使用各种拣选设备和传输装置，将存放的货物，按客户的要求分拣出来，配备齐全，送入指定发货区。,配货：使用各种拣选设备和传输装置，将存放的货物，按客户的要求分拣出来，配备齐全，送入指定发货区。,10
分拣的动作由自动的机械负责，电子信息输入后自动完成分拣作业，无须人手介入。大致可分为合流、分拣识别、分拣分流和分运四个分段。,分拣的动作由自动的机械负责，电子信息输入后自动完成分拣作业，无须人手介入。大致可分为合流、分拣识别、分拣分流和分运四个分段。,10
空间利用率是进出货作业绩效评估的指标,空间利用率是进出货作业绩效评估的指标,10
订单内容确认、订单接收、订单资料输出 、存货查询及依订单分配存货等组成了订单处理的主要内容 。,订单处理的主要内容：订单内容确认；订单接收；订单资料输出 ；存货查询及依订单分配存货 。,10
在仓储企业中，一般包括保管员、理货员、商品养护员等岗位。,在仓储企业中，一般包括保管员、理货员、商品养护员等岗位。,10
绩效也称为业绩、效绩、成效等，反映人们从事某一种活动所产生的成绩和成果。,绩效（Performance），也称为业绩、效绩、成效等，反映的是人们从事某一种活动所产生的成绩和成果。,10
将分散的或小批量的物品集中起来，以便进行运输、配送的作业就是集货 。,将分散的或小批量的物品集中起来，以便进行运输、配送的作业就是集货 。,10
定期订货法，是指及时根据预先确定的时间间隔按其订购物品，补充库存的一种库存控制方法。,定期订货法，是指及时根据预先确定的时间间隔按其订购物品，补充库存的一种库存控制方法。,10
入库作业管理包括：收货；组盘和注册；上架,收货；组盘和注册；,6
配送：是指在经济合理区域范围内，根据用户的要求，对物品进行拣选、加工、包装、分割、组配等作业，并按时送达指定地点的物流活动,对物品进行拣选、加工、包装、分割、组配等作业，并按时送达指定地点的物流活动,7
订单处理作业所面临的问题包括：如何简化在零售商的订单处理方面的订货作业；如何提高订货资料；正确性如何快速下单。如何简化在配送中心的订单处理方面的接单作业；如何处理量多繁杂的订货资料；如何掌握订单进度。,订单处理作业所面临的问题：在零售商的订单处理方面——如何简化订货作业；如何提高订货资料；正确性如何快速下单。在配送中心的订单处理方面——如何简化接单作业；如何处理量多繁杂的订货资料；如何掌握订单进度。,10
计件是按照件数供货或以件数为计量单位的物品，做数量验收时的清点件数。,计件是按照件数供货或以件数为计量单位的物品，做数量验收时的清点件数。,10
配送运输又称输配送，对整个运输过程有着很重要的影响。属于末端运输、支线运输。,配送运输又称输配送，对整个运输过程有着很重要的影响。属于末端运输、支线运输。,10
检尺径：指检量木材直径时（原木检量小头直径），按照某项标准的规定经过进或舍之后的尺寸。,检尺径：指检量木材直径时（原木检量小头直径），按照某项标准的规定经过进或舍之后的尺寸。,10
物品储存的安全性指标，主要用发生的各种事故的大小和次数来表示，主要有人身伤亡、仓库失火、爆炸、被盗、机械损坏事故几类。,物品储存的安全性指标，主要用发生的各种事故的大小和次数来表示，主要有人身伤亡、仓库失火、爆炸、被盗、机械损坏事故几类。,10
呆废货品率是测定配送中心货品损耗影响资金积压的状况。,呆废货品率是测定配送中心货品损耗影响资金积压的状况。,10
按单分拣作业方法特点：易于实施，配货准确度高，不易出错；各客户分拣相互没有约束；分拣完一个货单，货物便配齐，货物不再落地暂存，可直接装车配送；客户数量不受限制，可在很大范围内波动；对机械化、自动化没有严格要求，不受设备水平限制。,按单分拣作业方法特点：易于实施，配货准确度高，不易出错；各客户分拣相互没有约束；分拣完一个货单，货物便配齐，货物不再落地暂存，可直接装车配送；客户数量不受限制，可在很大范围内波动；对机械化、自动化没有严格要求，不受设备水平限制。,10
人员负担和时间耗用是配送中心绩效评价的指标,配送中心绩效评价指标——人员负担和时间耗用,10
入库计划主要包括空余库位的选择，货架的选择，搬运方法等。,入库计划主要包括空余库位的选择，货架的选择，搬运方法等。,10
条码的类别包括 ：商品条码、物流条码和二维条码。,条码的类别包括 ：商品条码、物流条码和二维条码。,10
典型的仓储企业组织结构形式：直线制组织结构形式、直线职能制组织结构形式、事业部制组织结构形式。,直线制组织结构形式和事业部制组织结构形式。,6
为了顺利、有序、方便地向客户发送商品，对组织来的各种货物进行整理，并依据订单要求进行组合的部门就是配送中心。,配送中心：为了顺利、有序、方便地向客户发送商品，对组织来的各种货物进行整理，并依据订单要求进行组合的过程。,10
诺成合同，是指合同自双方达成合意时成立。,诺成合同，是指合同自双方达成合意时成立。,10
订单：是配送中心开展配送业务的依据。配送中心接到客户订单以后需要对订单加以处理，据以安排分拣、补货、配货、送货等作业环节。,订单：是配送中心开展配送业务的依据。配送中心接到客户订单以后需要对订单加以处理，据以安排分拣、补货、配货、送货等作业环节。,10
保证分货的准确、快速或识别货物的流向是配货印贴标签的作用。,保证分货的准确、快速或识别货物的流向是配货印贴标签的作用。,10
空间布局的主要形式有：物品堆垛；利用货架；采用架上平台。,采用架上平台。,3
储位编码：是指将库房、货场、货棚、货架按物品存放的具体位置顺序，统一编列号码，并作出明显标志。,储位编码是指将库房、货架按物品存放的具体位置顺序，统一编列号码，并作出明显标志。,8
仓库管理员是仓库内从事与物品仓储迆管理有关工作的一线操作人员的统称，包括直接从事物品收发、出入库、分拣、理货等工作的人员，不含装卸工，简称仓管员。,是仓库内从事与物品仓储迆管理有关工作的一线操作人员的统称，包括直接从事物品收发、分拣、理货等工作的人员，含装卸工。,7
按订单拣取：分别按每份订单拣货，即分拣完一个订单后，再分拣下一个订单。,按订单拣取是指分别按每份订单拣货，即分拣完一个订单后，再分拣下一个订单。,10
气调仓库是用于存放要求控制库内氧气和二氧化碳浓度的物品的仓库。,气调仓库是用于存放要求控制库内氧气和二氧化碳浓度的物品的仓库。,10
配送中的储存有储备及暂存两种形态。 配送储备储备数量较大，储存更加有计划性。暂存，是具体执行日配送时，按分拣配货要求，在理货场地所做的少量储存准备 。,有储备及暂存两种形态。 配送储备储备数量较大，储存更加有计划性。暂存按分拣配货要求，在理货场地所做的少量储存准备 。,8
依据拣货信息，拣货信息包括多种形式，最常见的就是拣货单是拣货的依据。,依据拣货信息，拣货信息包括多种形式，最常见的就是拣货单是拣货的依据。,10
选择装卸搬运设备的原则有：利用重力的原则； 经济合理的原则；适应性原则；顺畅性原则,选择装卸搬运设备的原则有：利用重力的原则； 经济合理的原则；适应性原则；顺畅性原则,10
散装作业：是指对粉末状物品及大批不适宜包装的散货进行的装卸搬运活动。,散装作业：是指对粉末状物品及大批不适宜包装的散货进行的装卸搬运活动。,10
分拣作业：将用户所订的货物从储存保管处取出，按用户分类、集中、处理、放置。,分拣作业：将用户所订的货物从储存保管处取出，按用户分类、集中、处理、放置。,10
检斤是按重量供货或以重量为计量单位的物品，做数量验收时的称重。,检斤是按重量供货或以重量为计量单位的物品，做数量验收时的称重。,10
盘点前的准备：决策准备；人员准备；环境整理； 盘点工具准备；盘点前指导。,盘点前的准备：决策准备；人员准备；环境整理； 盘点工具准备；盘点前指导。,10
分货中心是主要从事分货工作的物流据点。,分货中心是主要从事分货工作的物流据点。,10
仓储合同，又称仓储保管合同，是保管人储存存货人交付的仓储物，存货人支付仓储费的合同。,仓储合同是储存存货人交付的仓储物，存货人支付仓储费的合同。,8
配送运输有短距离、小批量、高频率的特点。,配送运输有短距离、小批量、高频率的特点。,10
输送设备一般为连续输送设备，常见的输送设备有如下几种类型：带式输送机、螺旋输送机、滚筒输送机、滚轮式输送机、链条式输送机、链板输送线。,输送设备一般为连续输送设备，常见的输送设备有如下几种类型：滚筒输送机、滚轮式输送机、链条式输送机、链板输送线。,7
订单处理的基本原则：要使客户产生信赖感；尽量缩短订货周期；提供紧急订货 ；减少缺货现象；不忽略小客户；装配力求完整；提供对客户有利的包装；要随时提供订单处理的情况。,使客户产生信赖感；尽量缩短订货周期；提供紧急订货 ；减少缺货现象；忽略小客户；装配力求完整；提供对客户有利的包装。,7
常见的堆垛机有：桥式堆垛机、巷道式堆垛机。,常见的堆垛机有：桥式堆垛机、巷道式堆垛机。,10
整合按单分拣方式是指为了提高输配送的效率，将某一地区的订单整合成一张拣货单，做一次分拣后，集中捆包出库。主要应用在每个订单只有一种品项的场合，它属于按单分拣的一种变形方式。,整合按单分拣方式，主要应用在每个订单只有一种品项的场合，为了提高输配送的效率，将某一地区的订单整合成一张拣货单，做一次分拣后，集中捆包出库。它属于按单分拣的一种变形方式,10
仓储成本分析与控制包括以下方面： 存储成本分析与控制；装卸搬运作业成本分析与控制；备货作业成本分析与控制；人工费用的分析与控制；包装作业成本分析与控制；机具物料和燃料的成本控制；提高仓储服务质量，降低仓储成本；降低机会成本和风险成本。,仓储成本分析与控制包括以下方面： 存储成本分析与控制；装卸搬运作业成本分析与控制；备货作业成本分析与控制；降低机会成本和风险成本。,5
储位划分的形式包括：仓库内部平面布局、仓库内部空间布局。,储位划分的形式包括：仓库内部空间布局。,5
供货商单证主要包括：送货单、装箱单、磅码单、原产地证明等。,供货商单证主要包括：送货单、装箱单、磅码单、原产地证明等。,10
运输方式按运输范畴可分为干线运输；支线运输；二次运输和厂内运输。,运输方式按运输范畴可分为干线运输；支线运输；二次运输和厂内运输。,10
批量分拣的优点：合计后拣货、效率较高；盘亏较少。,合计后拣货、效率较高；盘亏较多。,6
呆品废品改善对策包括：A验收时力求严格把关，防止不合格货品混入；B检讨储存方法、设备与养护条件，防止货品变质。特别是对货品的有效期管理更应重视。C随时掌握库存水平。特别是滞销品的处置，减少呆废货品积压资金和占用库存。,呆品废品改善对策：A验收时力求严格把关，防止不合格货品混入；B检讨储存方法、设备与养护条件，防止货品变质。特别是对货品的有效期管理更应重视。C随时掌握库存水平。特别是滞销品的处置，减少呆废货品积压资金和占用库存。,10
将分散的或小批量的物品集中起来，以便进行运输、配送的作业就是集货 。,集货是指将分散的或小批量的物品集中起来，以便进行运输、配送的作业 。,10
退货物流作业区的作业项目有：退货；退货卸货；退货点收；退货责任确认；退货良品处理；退货瑕疵品处理；退货废品处理。,退货物流作业区的作业项目有：退货；退货卸货；退货点收；退货责任确认；退货良品处理；退货瑕疵品处理；退货废品处理。,10
物品吞吐量；平均收发货时间；物品及时验收率；全员劳动生产率；库存物品的周转率；仓库作业效率。反映仓储作业效率的指标,反映仓储作业效率的指标：物品吞吐量；平均收发货时间；物品及时验收率；全员劳动生产率；库存物品的周转率；仓库作业效率。,10
仓储成本主要指货物保管的各种支出，其中一部分为仓储设施和设备的投资，另一部分则为仓储保管作业中的活劳动或者物化劳动的消耗，消耗主要包括工资和能源消耗等。,货物的仓储成本主要是指货物保管的各种支出，其中一部分为仓储设施和设备的投资，另一部分则为仓储保管作业中的活劳动或者物化劳动的消耗，主要包括工资和能源消耗等。,10
配货作业的基本流程：分类；配货检查；包装、打捆,配货作业的基本流程：分类；配货检查；包装、打捆,10
验收期限：自物品和验收资料全部送达保管人之日起，至验收报告送出之日止。,自验收资料送达保管人之日起，至验收报告送出之日止。,7
材料、燃料和动力消耗指标；平均储存费用反映仓储作业消耗的指标,材料、燃料和动力消耗指标；平均储存费用反映仓储作业消耗的指标,10
配送运输又称输配送，对整个运输过程有着很重要的影响。属于末端运输、支线运输。,配送运输（又称输配送）属于运输中的末端运输、支线运输，对整个运输过程有着很重要的影响。,10
流通加工转运是指物品抵达仓库后，经过卸货、验收、搬运、分拣、加工、再分拣等作业环节后送抵客户手中。,流通加工转运是指物品抵达仓库后，经过卸货、验收、搬运、分拣、加工、再分拣等作业环节后送抵客户手中。,10
配送中心的选址应考虑的因素包含：尽量靠近客户；尽可能靠近交通干线；尽量将配送中心建在地价便宜、交通方便的郊区；尽可能考虑人力资源方面的问题；尽可能考虑地理、气候等自然条件方面的问题。,配送中心的选址应考虑的因素：尽量靠近客户；尽可能靠近交通干线；尽量将配送中心建在地价便宜、交通方便的郊区；尽可能考虑人力资源方面的问题；尽可能考虑地理、气候等自然条件方面的问题。,10
直接或间接用于收货、储存保管、拣货配货、流通加工、信息处理和配送作业的费用的总和是配送中心的物流成本。,配送中心的物流成本，是指直接或间接用于收货、储存保管、拣货配货、流通加工、信息处理和配送作业的费用的总和。,10
轮式托盘也称物流台车，是在箱式托盘、柱式托盘或网箱托盘的底部装上脚轮而成，既便于机械化搬运，又宜于短距离的人力移动。 ,轮式托盘是在箱式托盘、柱式托盘或网箱托盘的底部装上脚轮而成，便于机械化搬运和短距离的人力移动。,9
出库作业管理：波次运算；补货；拣选；复核包装；集货；发货,出库作业管理包括：波次运算；补货；拣选；复核包装；集货；发货,10
集中存储货物，保持合理的库存；控制物流费用；避免迂回运输和相向运输等不合理现象；提高服务质量，扩大销售等都是配送中心规划目标应考虑的因素。,配送中心规划目标应考虑的因素：集中存储货物，保持合理的库存；控制物流费用；避免迂回运输和相向运输等不合理现象；提高服务质量，扩大销售。,10
盘点方法包含：以帐或物区分的帐面存货盘点、实物存货盘点；以盘点区域区分的全面盘点、分类盘点；以盘点周期区分的定期盘点、不定期盘点。,盘点方法包含：以帐或物区分的帐面存货盘点、实物存货盘点；以盘点区域区分的全面盘点、分类盘点；以盘点周期区分的定期盘点、不定期盘点。,10
拣货依据：依据拣货信息，拣货信息包括多种形式，最常见的就是拣货单。,依据拣货信息，常见的有拣货单。,6
补货作业：从保管区域将货品移到另一个为了做订单拣取的动管拣货区域，然后将此迁移作业做书面上之处理。,补货作业包括从保管区域(Reserve Area)将货品移到另一个为了做订单拣取(Order Picking)的动管拣货区域(Home Area)，然后将此迁移作业做书面上之处理。,10
危险性物品：指具有易燃、爆炸、腐蚀、毒害、放射射线等性质的物品。,危险性物品：指具有易燃、爆炸、腐蚀、毒害、放射射线等性质的物品。,10
TMS的功能模块：调度管理、车辆管理、配件管理、油耗管理、费用结算、人员管理、资源管理、财务核算、绩效考核、车辆跟踪、业务跟踪、业务统计、白卡管理、监控中心系统、账单查询等,TMS的功能模块：调度管理、车辆管理、配件管理、油耗管理、费用结算、人员管理、资源管理、财务核算、绩效考核、车辆跟踪、业务跟踪、业务统计、白卡管理、监控中心系统、账单查询等,10
在仓库中，质量验收主要指物品外观检验，由仓库保管职能机构组织进行。,在仓库中，质量验收主要指物品外观检验，由仓库保管职能机构组织进行。,10
货架方式：指使用货架进行堆码。,货架方式：指使用货架进行堆码。,10
盘点的意义包括：A查清实际库存数量；B计算企业资产的损益，掌握盘点周期内的亏盈状况；C发现仓库、现场管理中存在的问题，加强管理，防微杜渐；D掌握物品的存货水平，呆滞物料的情况及物品的周转状况；E发现并清除吊滞料，理整环境、清除死角；F有效整顿仓库、现场等物料存放。,盘点的意义：A查清实际库存数量；B计算企业资产的损益，掌握盘点周期内的亏盈状况；C发现仓库、现场管理中存在的问题，加强管理，防微杜渐；D掌握物品的存货水平，呆滞物料的情况及物品的周转状况；E发现并清除吊滞料，理整环境、清除死角；F有效整顿仓库、现场等物料存放。,10
物流节点（logistics nodes）是指物流网络中连接物流线路的结节之处。 ,物流节点（logistics nodes）是指物流网络中连接物流线路的结节之处。 ,10
电子标签拣货系统的原理：在每一个货位安装数字显示器，利用计算机的控制将订单信息传输到数字显示器内，拣货人员根据数字显示器所显示的数字拣货，拣完货之后按确认钮即完成拣货工作，也叫做电子标签拣货。,电子标签拣货系统的原理：在每一个货位安装数字显示器，利用计算机的控制将订单信息传输到数字显示器内，拣货人员根据数字显示器所显示的数字拣货，拣完货之后按确认钮即完成拣货工作，也叫做电子标签拣货。,10
物流相关分析就是对配送中心各区域间传递的物流量大小进行分析，用物流量的大小表示各功能区域之间的物流相关程度，分为A、E、I、O、U五个等级。,物流相关分析就是对配送中心各区域间传递的物流量大小进行分析，用物流量的大小表示各功能区域之间的物流相关程度，分为A、E、I、O、U五个等级。,10
盘点作业：为了对库存商品的数量进行有效控制，并查清商品在库房中的质量状况，必须定期对各储存场所进行清点作业的过程。 ,盘点作业：为了对库存商品的数量进行有效控制，并查清商品在库房中的质量状况，必须定期对各储存场所进行清点作业的过程。 ,10
整合按单分拣方式是指为了提高输配送的效率，将某一地区的订单整合成一张拣货单，做一次分拣后，集中捆包出库。主要应用在每个订单只有一种品项的场合，它属于按单分拣的一种变形方式。,整合按单分拣方式是指为了提高输配送的效率，将某一地区的订单整合成一张拣货单，做一次分拣后，集中捆包出库。主要应用在每个订单只有一种品项的场合，它属于按单分拣的一种变形方式。,10
重心法的假设条件包括：需求量集中于某一点上；不同地点物流节点的建设费用、运营费用相同；运输费用随运输距离成正比增加；运输线路为空间直线。,重心法的假设条件包括：需求量集中于某一点上；不同地点物流节点的建设费用、运营费用相同；运输费用随运输距离成正比增加；运输线路为空间直线。,10
分拣的动作由自动的机械负责，电子信息输入后自动完成分拣作业，无须人手介入。大致有四个分段：合流、分拣识别、分拣分流和分运。,分拣的动作由自动的机械负责，电子信息输入后自动完成分拣作业，无须人手介入。大致可分为合流、分拣识别、分拣分流和分运四个分段。,10
所有分货作业过程全部由人根据订单、拣货单来进行，作业由人、货架、集货设备（货箱、托盘等）配合完成，不借助任何电脑或自动化的辅助设备就是人工分货。,所有分货作业过程全部由人根据订单、拣货单来进行，作业由人、货架、集货设备（货箱、托盘等）配合完成，不借助任何电脑或自动化的辅助设备就是人工分货。,10
库存是指储存作为今后按预定的目的使用而处于闲置或非生产状态的物品。,库存是指储存作为今后按预定的目的使用而处于闲置或非生产状态的物品。,10
分区分类应考虑的因素：物品所需的储存条件；仓库空间利用率；地坪载荷；仓库设施条件。,分区分类应考虑的因素：物品所需的储存条件；仓库空间利用率；地坪载荷；仓库设施条件。,10
设施空间利用率的影响因素包括货架、仓储区的储存量、每天理货场地的配货周转次数等。,设施空间利用率要考虑货架、仓储区的储存量、每天理货场地的配货周转次数等。,10
配送中心规划的过程：配送中心的设立时机规划；配送中心的类型选择；配送中心的所有者选择；配送中心的地址选择；配送中心的规模选择；配送中心的设施设备选择；配送中心的组织结构和岗位设置。,配送中心规划的程序：配送中心的设立时机规划；配送中心的类型选择；配送中心的所有者选择；配送中心的地址选择；配送中心的规模选择；配送中心的设施设备选择；配送中心的组织结构和岗位设置。,10
运输管理系统是一种“供应链”分组下的操作软件。它能通过多种方法和其他相关的操作一起提高物流的管理能力；,运输管理系统是一种“供应链”分组下的操作软件。它能通过多种方法和其他相关的操作一起提高物流的管理能力；,10
订单是配送中心开展配送业务的依据，配送中心接到客户订单以后需要对订单加以处理，据以安排分拣、补货、配货、送货等作业环节。,接到客户订单以后需要对订单加以处理。,2
配送中心总体设计流程包括：基础规划资料分析；规划条件设定；作业功能规划；作业流程规划；作业区域布局规划。,配送中心总体设计流程：基础规划资料分析；规划条件设定；作业功能规划；作业流程规划；作业区域布局规划。,10
货物的仓储成本主要是指货物保管的各种支出，其中一部分为仓储设施和设备的投资，另一部分则为仓储保管作业中的活劳动或者物化劳动的消耗，主要包括工资和能源消耗等。,货物的仓储成本主要是指货物保管的各种支出，其中一部分为仓储设施和设备的投资，另一部分则为仓储保管作业中的活劳动或者物化劳动的消耗，主要包括工资和能源消耗等。,10
送货作业：包含将货物装车并实际配送。需要事先规划配送区域的划分或配送线路的安排，由配送路线选用的先后次序来决定商品装车顺序，并在商品配送途中进行商品跟踪、控制。,送货作业：包含将货物装车并实际配送。需要事先规划配送区域的划分或配送线路的安排，由配送路线选用的先后次序来决定商品装车顺序，并在商品配送途中进行商品跟踪、控制。,10
直线制；职能制；直线职能制；矩阵制等构成了常见的组织结构形式。,直线制；职能制；直线职能制；矩阵制等构成了常见的组织结构形式。,10
按订单拣取作业原理是：分拣人员或分拣工具巡回于各个储存点，按订单所列商品及数量，将客户所订购的商品逐一由仓库储位或其它作业区中取出，然后集中在一起的一种传统拣货方式，又称作“摘果式”、“人到货前式”、“订单别拣选” 或“单一顺序拣选”等。  ,分拣人员或分拣工具巡回于各个储存点，按订单所列商品及数量，将客户所订购的商品逐一由仓库储位或其它作业区中取出，然后集中在一起的一种传统拣货方式。,9
RFID由标签、阅读器和天线组成。,RFID的组成：标签、阅读器和天线。,10
湿度指空气中水蒸气含量的程度。通常以绝对湿度、饱和湿度、相对湿度来衡量。,湿度指空气中水蒸气含量的程度。通常以绝对湿度、饱和湿度、相对湿度来衡量。,10
叉车的分类：平衡重式叉车、前移式叉车、侧面叉车、拣选叉车、电动插腿式叉车、多方向堆垛叉车、集装箱叉车。,叉车的分类：平衡重式叉车、前移式叉车、侧面叉车、多方向堆垛叉车、集装箱叉车。,7
仓储管理的对象是库存物品，仓储管理是在库物品保管的方法和措施的总和。,仓储管理的对象是库存物品，仓储管理是在库物品保管的方法和措施的总和。,10
库区布局是指一个仓库的各个组成部分，如库存、货棚、货场、辅助建筑物、铁路专运线、库内道路、附属固定设备等。,库区布局是指一个仓库的各个组成部分，如库存、辅助建筑物、铁路专运线、库内道路、附属固定设备等。,8
标准损耗率：是指保管某物品所容许繁盛的自然损耗。,标准损耗率：是指保管某物品所容许繁盛的自然损耗。,10
时间最容易看出整体作业能力的高低，是衡量效率最直接的因素。,时间是衡量效率最直接的因素，最容易看出整体作业能力的高低。,10
物流中心是从事物流活动且具有完善信息网络的场所或组织。,物流中心是从事物流活动且具有完善信息网络的场所或组织。,10
配送中心规划的原则有：动态原则；低运费原则；服务和竞争原则；交通便利原则；统筹原则。,配送中心规划的原则有：动态原则；低运费原则；服务和竞争原则；交通便利原则；统筹原则。,10
机械安全作业要求包括：在符合许可范围内操作；使用合适器械作业；设备作业要有专人指挥。,机械安全作业要求：在符合许可范围内操作；使用合适器械作业；设备作业要有专人指挥。,10
配送中心作业区域规划原则包括：要求物料搬运流程通畅、短捷、方便、往返避免交叉；选择适当的建筑模式，采用适当的高度、跨度、柱距，充分利用建筑的空间；合理划分和协调配置储存区域和其他区作业场所；为工作人员创造安全、舒适的工作环境；具备适应变化的柔性；投资合理。,配送中心作业区域规划原则：要求物料搬运流程通畅、短捷、方便、往返避免交叉；选择适当的建筑模式，采用适当的高度、跨度、柱距，充分利用建筑的空间；合理划分和协调配置储存区域和其他区作业场所；为工作人员创造安全、舒适的工作环境；具备适应变化的柔性；投资合理。,10
反映仓储作业效率的指标：物品吞吐量；平均收发货时间；物品及时验收率；全员劳动生产率；库存物品的周转率；仓库作业效率。,库存物品的周转率；仓库作业效率。,3
托盘式货架又称工业货架，一般采用叉车等装卸设备作业，是以托盘单元方式来保管货物的货架，是机械化、自动化货架仓库的主要组成部分。  ,采用叉车等装卸设备作业，是以托盘单元方式来保管货物的货架。,6
验收期限是指自从物品和验收资料全部送达保管人之日起，至验收报告送出之日止的时间。,验收期限是指自从物品和验收资料全部送达保管人之日起，至验收报告送出之日止的时间。,10
广义的物流节点是指所有进行物资中转、集散和储运的节点，包括港口、空港、火车货运站、公路枢纽、大型公共仓库及现代物流（配送）中心、物流园区等。,广义的物流节点是指所有进行物资中转、集散和储运的节点，包括港口、空港、火车货运站、公路枢纽、大型公共仓库及现代物流（配送）中心、物流园区等。,10
储位划分的目的：一是为了提高仓库平面和空间利用率，另一方面是为了提高物品保管质量，方便出入库作业，从而降低物品的仓储处置成本。,储位划分的目的：一是为了提高仓库平面和空间利用率，另一方面是为了提高物品保管质量，方便出入库作业。,9
复合分拣是按单分拣与批量分拣的组合运用，按订单品项、数量和出库频率决定哪些订单适合按单分拣，哪些订单适合批量分拣。,复合分拣是按单分拣与批量分拣的组合运用，按订单数量和出库频率决定哪些订单适合按单分拣，哪些订单适合批量分拣。,8
用发生的各种事故的大小和次数来表示物品储存的安全性指标，主要有人身伤亡、仓库失火、爆炸、被盗、机械损坏事故几类。,物品储存的安全性指标，主要用发生的各种事故的大小和次数来表示，主要有人身伤亡、仓库失火、爆炸、被盗、机械损坏事故几类。,10
投机转运指物品抵达仓库时先入库，根据货主下达的指令，按照客户要求送抵客户而获得超额利润的转运方式。,投机转运指物品抵达仓库时先入库，根据货主下达的指令，按照客户要求送抵客户而获得超额利润的转运方式。,10
复合分拣是指按订单品项、数量和出库频率决定哪些订单适合按单分拣，哪些订单适合批量分拣。是按单分拣与批量分拣的组合运用。,复合分拣是按单分拣与批量分拣的组合运用，按订单品项、数量和出库频率决定哪些订单适合按单分拣，哪些订单适合批量分拣。,10
使用物美价廉的包装材料；包装作业机械化，提高包装效率；采用大包装，尽量使包装简单化，节约包装材料；利用原有包装，加贴新标签。组成了包装作业成本分析与控制的主要内容。,使用物美价廉的包装材料；包装作业机械化，提高包装效率；采用大包装，尽量使包装简单化，节约包装材料；利用原有包装，加贴新标签。组成了包装作业成本分析与控制的主要内容。,10
普通物品堆码方式：主要有散堆方式、货架方式、成组堆码方式、垛堆方式四种。,普通物品堆码方式：主要有散堆方式、货架方式、成组堆码方式、垛堆方式四种。,10
拣货依据：依据拣货信息，拣货信息包括多种形式，最常见的就是拣货单。,拣货依据：依据拣货信息，拣货信息包括多种形式，最常见的就是拣货单。,10
单件作业：是指利用人工搬运的单件作业。,单件作业：是指利用人工搬运的单件作业。,10
TMS的功能模块包括：调度管理、车辆管理、配件管理、油耗管理、费用结算、人员管理、资源管理、财务核算、绩效考核、车辆跟踪、业务跟踪、业务统计、白卡管理、监控中心系统、账单查询等,TMS的功能模块：调度管理、车辆管理、配件管理、油耗管理、费用结算、人员管理、资源管理、财务核算、绩效考核、车辆跟踪、业务跟踪、业务统计、白卡管理、监控中心系统、账单查询等,10
DBMS是一种操作和管理数据库的大型软件，功能是建立、使用和维护数据库。DBMS管理着物流系统中的库存、货位、入出库记录等重要数据。,DBMS是一种操作和管理数据库的大型软件，功能是建立、使用和维护数据库。DBMS管理着物流系统中的库存、货位、入出库记录等重要数据。,10
仓储成本分析与控制包括以下方面： 存储成本分析与控制；装卸搬运作业成本分析与控制；备货作业成本分析与控制；人工费用的分析与控制；包装作业成本分析与控制；机具物料和燃料的成本控制；提高仓储服务质量，降低仓储成本；降低机会成本和风险成本。,仓储成本分析与控制包括以下方面： 存储成本分析与控制；装卸搬运作业成本分析与控制；备货作业成本分析与控制；人工费用的分析与控制；包装作业成本分析与控制；机具物料和燃料的成本控制；提高仓储服务质量，降低仓储成本；降低机会成本和风险成本。,10
仓储主要由以下几个部分组成：物品储存作业区，验收、分发作业区，管理室及生活间，其他辅助设施等。,物品储存作业区，验收、分发作业区等。,5
物流配送中心选址规划所考虑的因素有：经济环境因素  ；自然环境因素；政策环境因素  。,物流配送中心选址规划所考虑的因素 ：经济环境因素  ；自然环境因素；政策环境因素  。,10
配送中心绩效是指配送中心依据客户订单在组织配送运作过程中的劳动消耗和劳动占用与所创造的物流价值的对比关系或者是配送运作过程中配送中心投入的配送资源与创造的物流价值的对比。,配送中心绩效是指配送中心依据客户订单在组织配送运作过程中的劳动消耗和劳动占用与所创造的物流价值的对比关系或者是配送运作过程中配送中心投入的配送资源与创造的物流价值的对比。,10
装卸搬运方式——按照装卸搬运作业对象，分为单件作业、集装作业、散装作业。,装卸搬运方式——按照装卸搬运作业对象，分为单件作业、集装作业、散装作业。,10
配送作业中拣货包装单位：单件、托盘、箱、特殊物品。,配送作业中拣货包装单位通常有以下四种：单件、托盘、箱、特殊物品。,10
直线职能制组织结构形式是在直线制的基础上加上职能部门，这些职能部门分管不同专业，这些职能结构都是某种职能的组合体。,直线职能制组织结构形式是在直线制的基础上加上职能部门，这些职能部门分管不同专业，这些职能结构都是某种职能的组合体。,10
液体危险品保税仓库，是指符合国家关于危险化学品仓储规定的，专门提供石油、成品油或者其它散装液体危险化学品保税仓储服务的保税仓库。,液体危险品保税仓库，是指符合国家关于危险化学品仓储规定的，专门提供石油、成品油或者其它散装液体危险化学品保税仓储服务的保税仓库。,10
配送中心选址前要先确定建设配送中心的数量及网络结构图。,配送中心选址前要先确定建设配送中心的数量及网络结构图。,10
人力作业的安全操作要求：在合适的作业环境和符合条件下进行作业；尽量采用机械作业；做好安全防护工作；专人指挥；合理安排休息时间。,不在合适的作业环境和符合条件下进行作业；尽量采用机械作业；做好安全防护工作；合理安排休息时间。,6
条码的类别 ：商品条码、物流条码、二维条码。,条码的类别 ：商品条码、物流条码、二维条码。,10
订单分批按方式可分为：总合计量分批、固定订单分批、时窗分批、智能型分批四种。,订单分批方式可分为：总合计量分批、固定订单分批、时窗分批、智能型分批。,10
衡量配送中心每单位存货的库存管理费用是库存管理费率。,库存管理费率：衡量配送中心每单位存货的库存管理费用。,10
材料、燃料和动力消耗指标；平均储存费用反映仓储作业消耗的指标,反映仓储作业消耗的指标：材料、燃料和动力消耗指标；平均储存费用,10
订单类型包含：一般交易订单；兑换券交易订单；现销式交易订单；间接交易订单；合约式交易订单；寄库式交易订单。,订单类型包含：一般交易订单；兑换券交易订单；现销式交易订单；间接交易订单；合约式交易订单；寄库式交易订单。,10
送货作业：需要事先规划配送区域的划分或配送线路的安排，由配送路线选用的先后次序来决定商品装车顺序，并在商品配送途中进行商品跟踪、控制。包含将货物装车并实际配送。,送货作业：包含将货物装车并实际配送。需要事先规划配送区域的划分或配送线路的安排，由配送路线选用的先后次序来决定商品装车顺序，并在商品配送途中进行商品跟踪、控制。,10
机械安全作业要求：在符合许可范围内操作；使用合适器械作业；设备作业要有专人指挥。,机械安全作业要求：不在符合许可范围内操作；使用合适器械作业；设备作业要有专人指挥。,7
保管人储存存货人交付的仓储物，存货人支付仓储费的合同称为仓储合同,保管人储存存货人交付的仓储物，存货人支付仓储费的合同称为仓储合同,10
配送中心绩效评价的作用包括：提出和追踪配送运作目标及完成情况，并进行不同层次和角度的分析与评价，实现对配送活动的事前控制；判断配送运作目标的可行性和完成程度，进而调整配送目标；提升配送绩效；是企业内部监控的有效工具和方法；分析与评估配送运作的资源素质与能力，确定配送企业发展战略。,配送中心绩效评价的作用：提出和追踪配送运作目标及完成情况，并进行不同层次和角度的分析与评价，实现对配送活动的事前控制；判断配送运作目标的可行性和完成程度，进而调整配送目标；提升配送绩效；是企业内部监控的有效工具和方法；分析与评估配送运作的资源素质与能力，确定配送企业发展战略。,10
将客户所需的物品通过运输工具以及一定的运输路线和其他设备送达到客户手中的物流活动称为送货。,送货是指将客户所需的物品通过运输工具以及一定的运输路线和其他设备送达到客户手中的物流活动。 ,10
货至人前拣选方式：将货物移动到人或拣选机旁，由人或拣选机拣选出所需的货物。,货至人前拣选方式是指将货物移动到人或拣选机旁，由人或拣选机拣选出所需的货物。,10
仓储成本是衡量仓储企业经营管理水平和管理质量高低的重要标志。,仓储成本是衡量管理质量高低的重要标志。,6
就功能而言，世界自由贸易区可分为以下类型：转口集散型；贸工结合、以贸为主型；出口加工型；保税仓储型。,就功能而言，世界自由贸易区可分为以下类型：转口集散型；贸工结合、以贸为主型；出口加工型；保税仓储型。,10
正确且迅速地集合顾客所订购的商品是分拣作业目的。,正确且迅速地集合顾客所订购的商品是分拣作业目的。,10
在单个客户配送数量不能达到车辆的有效运载负荷时，就存在如何集中不同客户的配送货物，进行搭配装载以充分利用运能、运力的问题，这就需要配装。,在单个客户配送数量不能达到车辆的有效运载负荷时。,4
悬挂梁式起重机，主要分为悬挂单梁式起重机和悬挂双梁式起重机。,悬挂梁式起重机，主要分为悬挂单梁式起重机和悬挂双梁式起重机。,10
自营仓库是指由企业或各类组织自营自管，为自身提供储存服务的仓库。,自营仓库是指由企业或各类组织自营自管，为自身提供储存服务的仓库。,10
保温、冷藏、恒湿恒温库是用于存放要求保温、冷藏或恒湿恒温的物品的仓库。,保温、冷藏、恒湿恒温库是用于存放要求保温、冷藏或恒湿恒温的物品的仓库。,10
储存作业是指对存货或物品做妥善保管，充分利用仓库空间，注重库存控制，减少资金占用，降低保管成本，减少积压、过期、变质物品的物流活动。,储存作业：指对存货或物品做妥善保管，充分利用仓库空间，注重库存控制，减少资金占用，降低保管成本，减少积压、过期、变质物品的物流活动。,10
MRP(Material Resource Planning)：是一种保证既不出现短缺，也不积压库存的计划方法，是ERP系统的核心功能模块。,是一种保证既不出现短缺，也不积压库存的计划方法。,8
反映仓储作业效率的指标：物品吞吐量；平均收发货时间；物品及时验收率；全员劳动生产率；库存物品的周转率；仓库作业效率。,反映仓储作业效率的指标：物品吞吐量；平均收发货时间；物品及时验收率；全员劳动生产率；库存物品的周转率；仓库作业效率。,10
电子标签拣货系统的原理是在每一个货位安装数字显示器，利用计算机的控制将订单信息传输到数字显示器内，拣货人员根据数字显示器所显示的数字拣货，拣完货之后按确认钮即完成拣货工作。,电子标签拣货系统的原理：在每一个货位安装数字显示器，利用计算机的控制将订单信息传输到数字显示器内，拣货人员根据数字显示器所显示的数字拣货，拣完货之后按确认钮即完成拣货工作，也叫做电子标签拣货。,10
实物盘点又称现货盘点，具体是指在仓库实地去清点调查仓库内的各种物资的库存数，再根据货品单价，计算出实际库存金额的方法。 ,实物盘点又称现货盘点，具体是指在仓库实地去清点调查仓库内的各种物资的库存数，再根据货品单价，计算出实际库存金额的方法。 ,10
订单处理通常包括订单确认、存货查询、单据处理等内容。是指从接到客户订单开始到着手准备拣货之间的作业阶段。,订单处理通常包括订单确认、存货查询、单据处理等内容。是指从接到客户订单开始到着手准备拣货之间的作业阶段。,10
RFID由标签、阅读器和天线组成。,RFID由标签、阅读器和天线组成。,10
仓储成本是衡量仓储企业经营管理水平和管理质量高低的重要标志。,仓储成本是衡量仓储企业经营管理水平和管理质量高低的重要标志。,10
储存作业是指对存货或物品做妥善保管，充分利用仓库空间，注重库存控制，减少资金占用，降低保管成本，减少积压、过期、变质物品的物流活动。,储存作业是指对存货或物品做妥善保管，充分利用仓库空间，注重库存控制，减少资金占用，降低保管成本，减少积压、过期、变质物品的物流活动。,10
流通加工：物品在从生产领域向消费领域流动的过程中，流通主体（即流通当事人）为了完善流通服务功能，促进销售、维护产品质量和提高物流效率而开展的一项活动。,流通加工：物品在从生产领域向消费领域流动的过程中，流通主体（即流通当事人）为了完善流通服务功能，促进销售、维护产品质量和提高物流效率而开展的一项活动。,10
反映仓储作业消耗的指标：材料、燃料和动力消耗指标；平均储存费用,反映仓储作业消耗的指标：材料、燃料和动力消耗指标；平均储存费用,10
配送作业活动是以客户发出的订货信息（即订单）作为配送作业的驱动源的。,以客户发出的订货信息,6
合理选择备货作业方式有：全面分拣、批处理分拣、分区分拣、分组分拣。,全面分拣、分组分拣。,5
反映仓储作业质量的指标：货损货差率；设备完好率；保管损耗率；账务差异率；收发货差错率。,设备完好率；保管损耗率；账务差异率；收发货差错率。,8
货架的作用：充分利用仓容；保护货物；便于存取；便于清点和计量。,货架的作用：充分利用仓容；保护货物；便于存取；便于清点和计量。,10
配货是使用各种拣选设备和传输装置，将存放的物品，按客户要求分拣出来，配备齐全，送入指定发货地点。,按客户要求送入指定发货地点。,2
保证分货的准确、快速或识别货物的流向是配货印贴标签的作用。,配货印贴标签的作用是保证分货的准确、快速或识别货物的流向。,10
直达转运，是指物品不经过卸车入库等环节，留在运输工具上直接送到货主手中。,直达转运，是指物品不经过卸车入库等环节，留在运输工具上直接送到货主手中。,10
战略性原则、适应性原则、因地制宜原则、协调性原则、经济性原则等是配送中心的选址原则。,配送中心的选址原则：战略性原则；适应性原则；因地制宜原则；协调性原则；经济性原则。,10
中转运输的转运方式包括直达转运、直通转运、储存分拣转运、流通加工转运、投机转运等形式。,中转运输的转运方式包括直达转运、直通转运、储存分拣转运、流通加工转运、投机转运等形式。,10
将大批量运到的物品分成批量较小的物品称为分货。,将大批量运到的物品分成批量较小的物品称为分货。,10
送货作业：将拣取分类完成之货品作好出货检查，装入合适的容器，做好标志，根据车辆趟次别或厂商别等指示将物品运至出货准备区，最后装车配送，是配送作业的最后一个环节。,送货作业：将拣取分类完成之货品作好出货检查，装入合适的容器，做好标志，根据车辆趟次别或厂商别等指示将物品运至出货准备区，最后装车配送，是配送作业的最后一个环节。,10
单一配货作业是指每次只为一个客户进行配货服务。,单一配货作业是指每次只为一个客户进行配货服务。,10
配送要素：集货、储存、分拣和拣选、配货、配装、配送运输、送达服务。,集货、储存、配装、配送运输。,5
事业部制组织结构形式是一种较为复杂的仓储组织结构形式，它是在总公司领导下，以某项职能为事业部，实行统一管理、分散经营的管理方法。,事业部制组织结构形式是一种较为复杂的仓储组织结构形式，它是在总公司领导下，以某项职能为事业部，实行统一管理、分散经营的管理方法。,10
货至人前拣选方式是指将货物移动到人或拣选机旁，由人或拣选机拣选出所需的货物。,将货物移动到人旁，由人拣选出所需的货物。,5
物品吞吐量；平均收发货时间；物品及时验收率；全员劳动生产率；库存物品的周转率；仓库作业效率。反映仓储作业效率的指标,物品吞吐量；平均收发货时间；物品及时验收率；全员劳动生产率；库存物品的周转率；仓库作业效率。反映仓储作业效率的指标,10
设施空间利用率是指针对空间利用度、有效度要考虑。一句话，提高单位土地面积的使用效率。,设施空间利用率是指针对空间利用度、有效度要考虑。一句话，提高单位土地面积的使用效率。,10
仓储成本是物流成本的重要组成部分，对物流成本的高低有直接影响。,仓储成本对物流成本的高低有直接影响。,5
配货作业中的包装主要是运输包装，主要作用是保护货物并将多个零散包装物品放人大小合适的箱子中，实现整箱集中装卸、成组化搬运等，减少搬运次数，降低货损，提高配送效率。,配货作业中的包装主要是运输包装，主要作用是保护货物并将多个零散包装物品放人大小合适的箱子中，实现整箱集中装卸、成组化搬运等，减少搬运次数，降低货损，提高配送效率。,10
分拣策略是影响分拣作业效率的重要因素，对不同的订单需求应采取不同的分拣策略。,分拣策略是影响分拣作业效率的重要因素，对不同的订单需求应采取相同的分拣策略。,5
物流企业的绩效考核非常重要，通过物流绩效考核系统的建立、考核、评估等环节进行物流绩效的管理。,物流企业的绩效考核非常重要，通过物流绩效考核系统的建立、考核、评估等环节进行物流绩效的管理。,10
理货员是指在仓库、配送中心、超市、港口码头等企业中，从事物品整理、拣选、配货、包装、符合、置唛和物品交接、验收、整理、堆码等的人员。,在仓库、配送中心等企业中，从事物品整理、拣选、配货、堆码等的人员。,4
自用型保税仓库：由特定的中国境内独立企业法人经营，仅存储供本企业自用的保税货物。,自用型保税仓库：由特定的中国境内独立企业法人经营，仅存储供本企业自用的保税货物。,10
物流成本的重要组成部分也叫仓储成本，它直接影响物流成本的高低。,物流成本的重要组成部分也叫仓储成本，它直接影响物流成本的高低。,10
条形码的识读原理是根据不同颜色的物体的反射的可见光的波长不同，光电转换器接收到不同强弱的反射光信号，并转换成相应的电信号并进行放大后输出。,条形码的识读原理是根据不同颜色的物体的反射的可见光的波长不同，光电转换器接收到不同强弱的反射光信号，并转换成相应的电信号并进行放大后输出。,10
订单处理作业所面临的问题：在零售商的订单处理方面——如何简化订货作业；如何提高订货资料；正确性如何快速下单。在配送中心的订单处理方面——如何简化接单作业；如何处理量多繁杂的订货资料；如何掌握订单进度。,订单处理作业所面临的问题：在零售商的订单处理方面——如何简化订货作业；如何提高订货资料；正确性如何快速下单。在配送中心的订单处理方面——如何简化接单作业；如何处理量多繁杂的订货资料；如何掌握订单进度。,10
入库作业计划是指仓库部门根据本部门和存货人等实际情况，权衡存货人的需求和仓库存储的可能性，通过预测提出在未来一定时期内仓库要达到的目标和实现方法。,入库作业计划是指仓库部门根据本部门和存货人等实际情况，权衡存货人的需求和仓库存储的可能性，通过预测提出在未来一定时期内仓库要达到的目标和实现方法。,10
货架是指用立柱、隔板或横梁等组成的例题储存物品的设施。,货架是指用立柱、隔板或横梁等组成的例题储存物品的设施。,10
库存分为周转库存、安全库存、转运库存 等。,库存分为周转库存、安全库存、转运库存 等。,10
设施空间利用率的影响因素包括货架、仓储区的储存量、每天理货场地的配货周转次数等。,设施空间利用率的影响因素包括货架、仓储区的储存量、每天理货场地的配货周转次数等。,10
订单类型：一般交易订单；兑换券交易订单；现销式交易订单；间接交易订单；合约式交易订单；寄库式交易订单。,订单类型：一般交易订单；兑换券交易订单；现销式交易订单；间接交易订单；合约式交易订单；寄库式交易订单。,10
配送要素包括：集货、储存、分拣和拣选、配货、配装、配送运输、送达服务。,配送要素包括：集货、储存、分拣和拣选、配货、配装、配送运输、送达服务。,10
呆废货品率是测定配送中心货品损耗影响资金积压的状况。,呆废货品率：用来测定配送中心货品损耗影响资金积压的状况。,10
仓储管理系统中基础数据管理包括以下内容：用户数据；部门数据；货位数据；客户主数据；物流主数据；订单类数据；其他数据,仓储管理系统中基础数据管理包括以下内容：用户数据；部门数据；货位数据；客户主数据；物流主数据；订单类数据；其他数据,10
依存货管理重要性加以分类，设定各分类的盘点期间，每天、每周即作少量少种的盘点，到了月末或期末则每项货品至少完成一次盘点，周而复始称之为循环盘点。,循环盘点指依存货管理重要性加以分类，设定各分类的盘点期间，每天、每周即作少量少种的盘点，到了月末或期末则每项货品至少完成一次盘点，周而复始称之为循环盘点。,10
托盘式货架又称工业货架，一般采用叉车等装卸设备作业，是以托盘单元方式来保管货物的货架，是机械化、自动化货架仓库的主要组成部分。  ,托盘式货架又称工业货架，一般采用叉车等装卸设备作业，是以托盘单元方式来保管货物的货架，是机械化、自动化货架仓库的主要组成部分。  ,10
仓储作业效益的指标包含：工资利润率；成本利润率；资金利润率；利润总额；收入利润率；每吨物品保管利润。,仓储作业效益的指标包含：工资利润率；成本利润率；资金利润率；利润总额；收入利润率；每吨物品保管利润。,10
矩阵制缺点包括：组织成员不是固定的，易产生临时的观念，对工作有一定的影响；双重领导，难免发生矛盾，也不易分清责任。,矩阵制缺点包括：组织成员不是固定的，易产生临时的观念，对工作有一定的影响；双重领导，难免发生矛盾，也不易分清责任。,10
使用各种拣选设备和传输装置，将存放的物品，按客户要求分拣出来，配备齐全，送入指定发货地点的过程就是配货。,配货是使用各种拣选设备和传输装置，将存放的物品，按客户要求分拣出来，配备齐全，送入指定发货地点。,10
入库作业管理有：收货；组盘和注册；上架,入库作业管理有：收货；组盘和注册；上架,10
电子标签拣货系统的原理：在每一个货位安装数字显示器，利用计算机的控制将订单信息传输到数字显示器内，拣货人员根据数字显示器所显示的数字拣货，拣完货之后按确认钮即完成拣货工作，也叫做电子标签拣货。,在每一个货位安装数字显示器，将订单信息传输到数字显示器内，拣货人员根据数字显示器所显示的数字拣货，拣完货之后按确认钮即完成拣货工作。,8
入库申请是生产入库作业计划的而基础和依据。是存货人对仓储服务产生需求，并向仓储企业发出的通知。,入库申请是生产入库作业计划的而基础和依据。是存货人对仓储服务产生需求，并向仓储企业发出的通知。,10
自由贸易区：狭义仅指提供区内加工出口所需原料等货物的进口豁免关税的地区，类似出口加工区。广义还包括自由港和转口贸易区。,自由贸易区：狭义仅指提供区内加工出口所需原料等货物的进口豁免关税的地区，类似出口加工区。广义还包括自由港和转口贸易区。,10
按订单拣取作业又称作“摘果式”、“人到货前式”、“订单别拣选” 或“单一顺序拣选”等。原理是分拣人员或分拣工具巡回于各个储存点，按订单所列商品及数量，将客户所订购的商品逐一由仓库储位或其它作业区中取出，然后集中在一起的一种传统拣货方式。  ,按订单拣取作业又称作“摘果式”、“人到货前式”、“订单别拣选” 或“单一顺序拣选”等。原理是分拣人员或分拣工具巡回于各个储存点，按订单所列商品及数量，将客户所订购的商品逐一由仓库储位或其它作业区中取出，然后集中在一起的一种传统拣货方式。  ,10
质量包括商品的质量优劣以及各项物流各项物流作业的特殊的质量指标：如耗损、缺货、呆滞品、维修、退货、延迟交货、事故、误差率等。,质量包括商品的质量优劣以及各项物流各项物流作业的特殊的质量指标：如耗损、缺货、呆滞品、维修、退货、延迟交货、事故、误差率等。,10
出库作业管理：波次运算；补货；拣选；复核包装；集货；发货,出库作业管理：波次运算；补货；拣选；复核包装；集货；发货,10
磅差指由于入出库计量工具精度的差别二造成的物品数量差异。,磅差指由于入出库计量工具精度的差别二造成的物品数量差异。,10
进货是配送的准备工作或基础工作，它是配送的基础环节，又是决定配送成败与否、规模大小的最基础环节，也是决定配送效益高低的关键环节。具体是指配送中心根据客户的需要，为配送业务的顺利实施，而从事的组织商品货源和进行商品存储的一系列活动。,进货：配送中心根据客户的需要，为配送业务的顺利实施，而从事的组织商品货源和进行商品存储的一系列活动。进货是配送的准备工作或基础工作，它是配送的基础环节，又是决定配送成败与否、规模大小的最基础环节。同时，也是决定配送效益高低的关键环节。,10
储位划分的依据：分区分类应考虑的因素；分区分类方法。,储位划分的依据：分区分类应考虑的因素；分区分类方法。,10
MRP包含几个要素：原料、生产、销售、产品结构。 ,MRP包含几个要素：原料、生产、销售、产品结构。 ,10
灭火器简略地分为三种：泡沫灭火器、干粉灭火器和二氧化碳灭火器。,泡沫灭火器。,3
订单内容确认、订单接收、订单资料输出 、存货查询及依订单分配存货等组成了订单处理的主要内容 。,订单内容确认、订单接收、订单资料输出 、存货查询及依订单分配存货等组成了订单处理的主要内容 。,10
利用旋转货架完成分货工作就是旋转架分货。,旋转架分货是指：利用旋转货架完成分货工作。,10
直接或间接用于收货、储存保管、拣货配货、流通加工、信息处理和配送作业的费用的总和是配送中心的物流成本。,直接或间接用于收货、储存保管、拣货配货、流通加工、信息处理和配送作业的费用的总和是配送中心的物流成本。,10
储位编码包括：库房编号、库房内货位编号、货架上的货位编号、货场货位编号。,货场货位编号。,2
依存货管理重要性加以分类，设定各分类的盘点期间，每天、每周即作少量少种的盘点，到了月末或期末则每项货品至少完成一次盘点，周而复始称之为循环盘点。,依存货管理重要性加以分类，设定各分类的盘点期间，每天、每周即作少量少种的盘点，到了月末或期末则每项货品至少完成一次盘点，周而复始称之为循环盘点。,10
直线职能制组织结构形式是在直线制的基础上加上职能部门，这些职能部门分管不同专业，这些职能结构都是某种职能的组合体。,直线职能制组织结构形式是在直线制的基础上加上职能部门，这些职能结构都是某种职能的组合体。,7
按货架的结构特点分类：层架、层格架、橱架、抽屉架等,橱架、抽屉架,5
配送运输的特点：组合最佳路线，使配装和路线有效搭配，工作难度较大。,配送运输的特点：组合最佳路线，使配装和路线有效搭配，工作难度较大。,10
条码：是由一组规则排列的条、空及其对应代码组成，是表示商品特定信息的标识。 ,条码：是由条、空及其对应代码组成，表示商品特定信息。,6
库存成本的构成：订货成本、保管成本、缺货成本、进货成本与购买成本、固定成本和变动成本。,库存成本的构成：订货成本、保管成本、缺货成本、进货成本与购买成本、固定成本和变动成本。,10
反映仓储作业效益的指标：工资利润率；成本利润率；资金利润率；利润总额；收入利润率；每吨物品保管利润。,工资利润率；成本利润率。,3
保管损耗率：是指自然损耗量与该物品库存量的比值。,保管损耗率：是指自然损耗量与该物品库存量的比值。,10
总合计量分批方式的优缺点：优点是一次拣出商品总量，可使平均拣取路径减到最短；储存区域的储存单位单纯化。缺点是需要功能强大的分类系统完成分类作业，订单数不可过多。,总合计量分批方式的优缺点：优点是一次拣出商品总量，可使平均拣取路径减到最短；储存区域的储存单位单纯化。缺点是需要功能强大的分类系统完成分类作业，订单数不可过多。,10
转运中心的主要工作是承担物品在不同运输方式之间的转运。,转运中心的主要工作是承担物品在不同运输方式之间的转运。,10
顾客订单是配送服务质量得以保证的基础，是配送服务的第一个环节。,顾客订单是配送服务的第一个环节，也是配送服务质量得以保证的基础。,10
智能型分批方式的优点：分批时已考虑到订单的类似性及拣货路径的顺序，使拣货效率更进一步提高。智能型分批方式的缺点：所需软件技术层次较高不易达成，且信息处理的前置时间较长，若发生紧急插单处理作业较为困难。,智能型分批方式的优点：分批时已考虑到订单的类似性及拣货路径的顺序，使拣货效率更进一步提高。智能型分批方式的缺点：所需软件技术层次较高不易达成，且信息处理的前置时间较长，若发生紧急插单处理作业较为困难。,10